catmaid_name,skid,name,fly_name,color,type,type_color,type_col,type_col_color,type_col_v2,type_col_color_v2,fly_instance,instance_col,ignore,,type_density,type_color_density
EPG_LZ_L2_2_SH_HH_MS,55944,EPG_L2_55944,EPG_L2_697001770,#E066FF,EPGt,#6a74cc,EPG_L2,#00BAB5,Delta7_L1L9,#90B24F,EPG(PB08)_L1,#00CD66,PEN_a_L2_112687,,EPGt,#6a74cc
EPG_LZ_L2_3_SH_MS_HH,55952,EPG_L2_55952,EPG_L2_912545106,#00868B,EPG,#34B887,EPG_L2,#00BAB5,Delta7_L2R7,#90B24F,PEG(PB07)_L1,#00868B,PEN_b_L2_112713,,EPG,#05A0D2
EPG_LZ_L3_ID_1,57529,EPG_L3_57529,na,#CD4F39,PEG,#EF506C,EPG_L3,#00BAB5,Delta7_L3R6,#90B24F,EPGt(PB09)_R9,#6a74cc,PEN_a_L3_63772,,PEG,#ED5A3D
EPG_LZ_L3_ID_2,57518,EPG_L3_57518,na,#A2CD5A,LNO,#CD4F39,EPG_L3,#00BAB5,Delta7_L4R5,#90B24F,EPGt(PB09)_L9,#A2CD5A,PEN_b_L3_63776,,LNO,#CD4F39
EPG_LZ_L3_ID_SH,54939,EPG_L3_54939,na,#FFB90F,PEN,#F09E00,EPG_L3,#00BAB5,Delta7_L4R6,#90B24F,EPG(PB08)_R1,#FFB90F,PEN_L4_35091,,PEN,#F09E00
EPG_LY_L4_SH,34955,EPG_L4_34955,na,#00CD66,PEN_b,#7DCAFF,EPG_L4,#00BAB5,Delta7_L5R4,#90B24F,PEG(PB07)_R1,#00CD66,PEN_L4_35224,,PEN_b,#56B4E9
EPG_LY_L4_SH,35304,EPG_L4_35304,na,#63B8FF,PEN_a,#FFD700,EPG_L4,#00BAB5,Delta7_L6R3,#90B24F,,,PEN_L4_99084,,PEN_a,#E69F00
EPG_LY_L4_SH_AZ,34187,EPG_L4_34187,na,#1E90FF,PEN_a(PEN_a),#F09E00,EPG_L4,#00BAB5,Delta7_L6R4,#90B24F,,,PEN_L4_35368,,PEN_a(PEN_a),#05A0D2
PEG_L2_55930,55930,PEG_L2_55930,PEG_L2_1190171884,#FFD700,PEN_b(PEN_b),#6EBADD,PEG_L2,#FFAEB9,Delta7_L7R2,#90B24F,,,PEN_L5_34931,,PEN_b(PEN_b),#ED5A3D
PEG_L3_99063,99063,PEG_L3_99063,na,#0000FF,ExR,#EF506C,PEG_L3,#FFAEB9,Delta7_L7R3,#90B24F,,,PEN_L5_35102,,ExR,#EF506C
PEG_L4_35097,35097,PEG_L4_35097,PEG_R9_1125969082,#E066FF,LAL,#FF9D94,PEG_L4,#FFAEB9,Delta7_L8R1,#90B24F,,,PEN_L6_34205,,LAL,#E82B5E
EPG_RW_R8_ID_HH,56351,PEG_R8_56351,PEG_R8_5813059834,#FFD700,LBU,#62FDFF,EPG_R8,#188EEF,EPG_L1,#00BAB5,,,PEN_L6_34212,,LBU,#B687F2
EPG_RW_R8_ID_HH,56356,EPG_R8_56356,EPG_R8_1125964814,#7DCAFF,MBUd,#B46CFF,EPG_R8,#188EEF,EPG_L2,#00BAB5,,,PEN_L7_118524,,MBUd,#31D6DE
EPG_RW_R8_ID_MS_HH,56383,EPG_R8_56383,EPG_R8_1126647624,#188EEF,MBUv,#FFA500,EPG_R8,#188EEF,EPG_L3,#00BAB5,,,PEN_L7_118463,,MBUv,#FFB607
EPG_RW_R8_todo_SH_HH,55936,EPG_R8_55936,EPG_R8_5813040233,#00BAB5,Delta7,#5483CA,PEG_R8,#d5b0ff,EPG_L4,#00BAB5,,,PEN_L8_63157,,Delta7,#47B03F
EPG_RW_R9_ID_SH,64276,EPG_R8_64276,EPG_R8_5813061251,#029393,LNO,#CD4F39,EPG_R9,#188EEF,EPG_L5,#00BAB5,,,PEN_L8_105737,,LNO,#CD4F39
EPG_RW_R9_MS,118328,EPG_R9_118328,EPG_R9_1168659995,#007070,LNOm_a,#B181FF,EPG_R9,#188EEF,EPG_L6,#00BAB5,,,PEN_L9_63187,,LNOm_a,#B181FF
EPG_RW_R9_MS_EPGt?,118347,EPG_R9_118347,EPG_R9_1219069439,#188EEF,LNOm_b,#5E7FEE,EPGt_R9,#6a74cc,EPG_L7,#00BAB5,,,PEN_L9_118898,,LNOm_b,#5E7FEE
EPG_RX_R7_ID,55134,EPG_R7_55134,na,#F98980,LNOm_c,#BCBCBC,EPG_R7,#188EEF,EPG_L8,#00BAB5,,,PEN_L9_118885,,LNOm_c,#BCBCBC
EPG_RX_R7_ID,56318,EPG_R7_56318,na,#F9685D,LNOm_d,#BCBCBC,EPG_R7,#188EEF,EPG_L9,#00BAB5,,,,,LNOm_d,#BCBCBC
EPG_RX_R7_ID,56230,EPG_R7_56230,na,#CD4F39,LNOm_e,#BCBCBC,EPG_R7,#188EEF,EPG_R1,#188EEF,,,,,LNOm_e,#BCBCBC
EPG_RX_R7_todo_ID_SH,54932,EPG_R7_54932,na,#A2CD5A,LNOm_f,#BCBCBC,EPG_R7,#188EEF,EPG_R2,#188EEF,,,,,LNOm_f,#BCBCBC
EPG_RZ_R1/L1_ID_MS_MT1,64077,EPG_L1_64077,EPG_L1_1447576662,#E066FF,LNOs_a,#F9685D,EPG_L1,#00BAB5,EPG_R3,#188EEF,,,,,LNOs_a,#F9685D
EPG_RZ_R1/L1_ID_MT3,64084,EPG_L1_64084,EPG_L1_572870540,#99392C,LNOs_b,#CD4F39,EPG_L_R1L1,#00BAB5,EPG_R4,#188EEF,,,,,LNOs_b,#CD4F39
EPG_RZ_R1/L1_ID_SH_MT2,63988,PEG_L1_63988,PEG_L1_1128088594,#90B24F,LNOs_c,#FFB6C0,EPG_L1,#00BAB5,EPG_R5,#188EEF,,,,,LNOs_c,#FFB6C0
PFx_RW_R9_SH_maybe_EPG_Gall_neurite,163378,PEN_L4_35368,na,#FFB90F,ER_BUs,#31D6DE,PEG_L_R1L1,#FFAEB9,EPG_R6,#188EEF,,,,,,
PEN_LY_L4_SH,35368,PEN_L4_99084,na,#17E579,ER_BUi,#B687F2,PEN_L4,#ef8f9f,EPG_R7,#188EEF,,,,,,
PEN_LY_L4_SH_SB_cina,99084,PEN_L4_35091,na,#00CD66,ER_BUa,#FFA500,PEN_L4,#ef8f9f,EPG_R8,#188EEF,,,,,,
PEN_LY_L4_SH_todo,35091,PEN_L4_35224,na,#7DCAFF,ER1_3a_LAL,#FF9D94,PEN_L4,#ef8f9f,EPG_R9,#188EEF,,,,,,
PEN_LY_L4_SH_todo_1,35224,PEN_b_L2_112687,PEN_b_L2_5813047157,#188EEF,,,PEN_L4,#ef8f9f,EPGt_R9,#6a74cc,,,,,,
PEN_b_L2_112713,112713,PEN_a_L2_112713,PEN_a_L2_634608104,#f96841,,,PEN_b_L2,#FFB90F,PEG_L1,#FFAEB9,,,,,,
PEN_a_L2_112687,112687,PEN_a_L3_63776,PEN_a_L3_1508334312,#8e8eff,,,PEN_a_L2,#FFD700,PEG_L2,#FFAEB9,,,,,,
PEN_a_L3_63772,63772,PEN_b_L3_63772,PEN_b_L3_5813070465,#b21bb2,,,PEN_a_L3,#FFD700,PEG_L3,#FFAEB9,,,,,,
PEN_b_L3_63776,63776,PEN_a_R8_118407,PEN_a_R8_1125964630,#00CD66,,,PEN_b_L3,#687F2,PEG_L4,#FFAEB9,,,,,,
PEN_a_R8_118376,118376,PEN_b_R8_118376,PEN_b_R8_1062526223,#73b670,,,PEN_a_R8,#F9685D,PEG_L5,#FFAEB9,,,,,,
PEN_b_R8_118407,118407,PEN_b_R9_108315,PEN_b_R9_1218728570,#CD4F39,,,PEN_b_R8,#CD4F39,PEG_L6,#FFAEB9,,,,,,
PEN_b_R9_108339,108339,PEN_b_R9_64257,PEN_b_R9_1601771527,#E066FF,,,PEN_b_R9,#CD4F39,PEG_L7,#FFAEB9,,,,,,
PEN_a_R9_108315,108315,PEN_a_R9_108339,PEN_a_R9_1218732640,#FFB90F,,,PEN_a_R9,#F9685D,PEG_L8,#FFAEB9,,,,,,
PEN_a_R9_64257,64257,ER_L_ExR_119430,na,#FFAEB9,,,,,PEG_L9,#d5b0ff,,,,,,
ER_TL_L_ExR-likely_MS,119430,ER_L_LBU_62944,na,#63B8FF,,,ER_L_ExR,#A2CD5A,PEG_R1,#d5b0ff,,,,,,
ER_TL_L_LBU_ebba01,62944,ER_L_LBU_62953,na,#1E90FF,,,,,PEG_R2,#d5b0ff,,,,,,
ER_TL_L_LBU_ebba02,62953,ER_L_LBU_62979,na,#FFD700,,,ER_L_MBUd,#B46CFF,PEG_R3,#d5b0ff,,,,,,
ER_TL_L_LBU_ebba03,62979,ER_L_LBU_142921,na,#0000FF,,,ER_R_MBUv,FFB607,PEG_R4,#d5b0ff,,,,,,
ER_TL_L_LBU_ebba33,142921,ER_L_LBU_142952,na,#E066FF,,,ER_R_ExR,#748E3C,PEG_R5,#d5b0ff,,,,,,
ER_TL_L_LBU_ebba37,142952,ER_L_LBU_188771,na,#ef8f9f,,,ER_R_ExR,#748E3C,PEG_R6,#d5b0ff,,,,,,
ER_TL_L_LBU_ebba50_HH,188771,ER_L_LBU_143094,na,#FFAEB9,,,,,PEG_R7,#d5b0ff,,,,,,
ER_TL_L_LBU_ebba51,143094,ER_L_LBU_62562,na,#00BAB5,,,ER_R_LAL,#B687F2,PEG_R8,#d5b0ff,,,,,,
ER_TL_L_LBU_marcus,62562,ER_L_LBU_148312,na,#029393,,,ER_R_LBU,#62FDFF,PEG_R9,#FFD700,,,,,,
ER_TL_L_LBU_or_noBU_ebba105,148312,ER_L_LBU_125560,na,#007070,,,,,PEN_a_L2,#FFD700,,,,,,
ER_TL_L_LBU_SH_ES,125560,ER_L_LBU_125545,na,#188EEF,,,ER_R_MBUd,#B46CFF,PEN_a_L3,#FFB90F,,,,,,
ER_TL_L_LBU_SH_ES,125545,ER_L_LBU_160486,na,#F98980,,,PEN_b_R2,#CD4F39,PEN_a_L4,#FFD700,,,,,,
ER_TL_L_LBU?_ES,160486,ER_L_MBUd_129326,na,#F9685D,,,PEN_b_R3,#CD4F39,PEN_a_L5,#FFD700,,,,,,
ER_TL_L_MBUd_ebba01,129326,ER_L_MBUd_129538,na,#CD4F39,,,PEN_b_R4,#CD4F39,PEN_a_L6,#FFD700,,,,,,
ER_TL_L_MBUd_ebba02,129538,ER_L_MBUd_135361,na,#A2CD5A,,,PEN_b_R5,#CD4F39,PEN_a_L7,#FFD700,,,,,,
ER_TL_L_MBUd_ebba04,135361,ER_L_MBUd_139986,na,#E066FF,,,PEN_b_R6,#CD4F39,PEN_a_L8,#FFD700,,,,,,
ER_TL_L_MBUd_ebba16,139986,ER_L_MBUd_125281,na,#99392C,,,PEN_b_R7,#CD4F39,PEN_a_L9,#F9685D,,,,,,
ER_TL_L_MBUd_SH_47,125281,ER_L_MBUd_33811,na,#90B24F,,,PEN_b_R8,#CD4F39,PEN_a_R2,#F9685D,,,,,,
ER_TL_L_MBUd_SH_ES_42,33811,ER_L_MBUd_125347,na,#748E3C,,,PEN_b_R9,#CD4F39,PEN_a_R3,#F9685D,,,,,,
ER_TL_L_MBUd_SH_ES_49,125347,ER_L_MBUd_125523,na,#FFB90F,,,,,PEN_a_R4,#F9685D,,,,,,
ER_TL_L_MBUd_SH_ES_50,125523,ER_L_MBUv_63018,na,#17E579,,,,,PEN_a_R5,#F9685D,,,,,,
ER_TL_L_MBUv_ebba_01,63018,ER_L_MBUv_65369,na,#00CD66,,,,,PEN_a_R6,#F9685D,,,,,,
ER_TL_L_MBUv_ebba_02,65369,ER_L_MBUv_65375,na,#7DCAFF,,,,,PEN_a_R7,#F9685D,,,,,,
ER_TL_L_MBUv_ebba_03_full,65375,ER_L_MBUv_140105,na,#188EEF,,,,,PEN_a_R8,#F9685D,,,,,,
ER_TL_L_MBUv_ebba_04,140105,ER_L_MBUv_141300,na,#FFD700,,,,,PEN_a_R9,#F9685D,,,,,,
ER_TL_L_MBUv_ebba_06,141300,ER_L_MBUv_64154,na,#0000FF,,,,,PEN_b_L2,#FFB90F,,,,,,
ER_TL_L_MBUv_Marcus_ES_15,64154,ER_L_MBUv_125261,na,#E066FF,,,,,PEN_b_L3,#FFB90F,,,,,,
ER_TL_L_MBUv_SH_ES_14,125261,ER_L_MBUv_125025,na,#00CD66,,,,,PEN_b_L4,#FFB90F,,,,,,
ER_TL_L_MBUv_SH_ES_10,125025,ER_L_MBUv_125035,na,#00868B,,,,,PEN_b_L5,#FFB90F,,,,,,
ER_TL_L_MBUv_SH_ES_18,125035,ER_L_MBUv_125041,na,#CD4F39,,,,,PEN_b_L6,#FFB90F,,,,,,
ER_TL_L_MBUv_SH_ES_19,125041,ER_L_MBUv_125099,na,#A2CD5A,,,,,PEN_b_L7,#FFB90F,,,,,,
ER_TL_L_MBUv_SH_ES_21,125099,ER_L_MBUv_125189,na,#FFB90F,,,,,PEN_b_R8,#CD4F39,,,,,,
ER_TL_L_MBUv_SH_ES_22,125189,ER_L_MBUv_125194,na,#00CD66,,,,,PEN_b_R9,#CD4F39,,,,,,
ER_TL_L_MBUv_SH_ES_23,125194,ER_L_MBUv_125199,na,#63B8FF,,,,,EPG_L_R1L1,#00BAB5,,,,,,
ER_TL_L_MBUv_SH_ES_24,125199,ER_L_MBUv_125250,na,#1E90FF,,,,,PEG_L_R1L1,#FFAEB9,,,,,,
ER_TL_L_MBUv_SH_ES_25,125250,ER_L_MBUv_125291,na,#FFD700,,,,,,,,,,,,
ER_TL_L_MBUv_SH_ES_27,125291,EPGt_R9_118347,#6a74cc,#0000FF,,,,,,,,,,,,
ER_TL_L_MS,119849,ER_R_ExR_47226,na,#E066FF,,,,,,,,,,,,
ER_TL_R_ExR-likely_SH_MB,47226,ER_R_ExR_56964,na,#ef8f9f,,,,,,,,,,,,
ER_TL_R_ExR-likely_SH_MS,56964,ER_R_LAL_47232,na,#FFAEB9,,,,,,,,,,,,
ER_TL_R_LAL_SH_MS,47232,ER_R_LAL_57041,na,#00BAB5,,,,,,,,,,,,
ER_TL_R_LAL_SH_MS,57041,ER_R_LBU_189513,na,#029393,,,,,,,,,,,,
ER_TL_R_LBU_ES,189513,ER_R_LBU_203731,na,#007070,,,,,,,,,,,,
ER_TL_R_LBU_ES_1_SL,203731,ER_R_LBU_187484,na,#188EEF,,,,,,,,,,,,
ER_TL_R_LBU_ES_2_SL,187484,ER_R_LBU_187467,na,#F98980,,,,,,,,,,,,
ER_TL_R_LBU_ES_3_SL,187467,ER_R_LBU_187472,na,#F9685D,,,,,,,,,,,,
ER_TL_R_LBU_ES_4_SL,187472,ER_R_LBU_189457,na,#CD4F39,,,,,,,,,,,,
ER_TL_R_LBU_ES_5_SL,189457,ER_R_LBU_187478,na,#A2CD5A,,,,,,,,,,,,
ER_TL_R_LBU_ES_6_SL,187478,ER_R_LBU_187489,na,#E066FF,,,,,,,,,,,,
ER_TL_R_LBU_ES_7_SL,187489,ER_R_LBU_189462,na,#99392C,,,,,,,,,,,,
ER_TL_R_LBU_ES_8_SL,189462,ER_R_LBU_62924,na,#90B24F,,,,,,,,,,,,
ER_TL_R_LBU_ES_01_syn,62924,ER_R_LBU_183610,na,#748E3C,,,,,,,,,,,,
ER_TL_R_LBU_ES_02,183610,ER_R_LBU_186127,na,#FFB90F,,,,,,,,,,,,
ER_TL_R_LBU_ES_03,186127,ER_R_LBU_186137,na,#17E579,,,,,,,,,,,,
ER_TL_R_LBU_ES_04_help_syn,186137,ER_R_MBUd_162735,na,#00CD66,,,,,,,,,,,,
ER_TL_R_MBUd_Auguste_ES_03,162735,ER_R_MBUd_162772,na,#7DCAFF,,,,,,,,,,,,
ER_TL_R_MBUd_Auguste_ES_04,162772,ER_R_MBUd_162777,na,#188EEF,,,,,,,,,,,,
ER_TL_R_MBUd_Auguste_ES_05,162777,ER_R_MBUd_162782,na,#FFD700,,,,,,,,,,,,
ER_TL_R_MBUd_Auguste_ES_06,162782,ER_R_MBUd_160211,na,#0000FF,,,,,,,,,,,,
ER_TL_R_MBUd_ElinD_ES_07,160211,ER_R_MBUd_160839,na,#E066FF,,,,,,,,,,,,
ER_TL_R_MBUd_ElinD_ES_08,160839,ER_R_MBUd_160656,na,#00CD66,,,,,,,,,,,,
ER_TL_R_MBUd_ElinD_ES_09,160656,ER_R_MBUd_160791,na,#00868B,,,,,,,,,,,,
ER_TL_R_MBUd_ElinD_ES_11,160791,ER_R_MBUd_166256,na,#CD4F39,,,,,,,,,,,,
ER_TL_R_MBUd_ES_02_syn,166256,ER_R_MBUd_183697,na,#A2CD5A,,,,,,,,,,,,
ER_TL_R_MBUd_ES_12,183697,ER_R_MBUd_183918,na,#FFB90F,,,,,,,,,,,,
ER_TL_R_MBUd_ES_13,183918,ER_R_MBUd_183923,na,#00CD66,,,,,,,,,,,,
ER_TL_R_MBUd_ES_14,183923,ER_R_MBUd_183933,na,#63B8FF,,,,,,,,,,,,
ER_TL_R_MBUd_ES_15,183933,ER_R_MBUd_183938,na,#1E90FF,,,,,,,,,,,,
ER_TL_R_MBUd_ES_16,183938,ER_R_MBUd_183943,na,#FFD700,,,,,,,,,,,,
ER_TL_R_MBUd_ES_17,183943,ER_R_MBUd_183948,na,#0000FF,,,,,,,,,,,,
ER_TL_R_MBUd_ES_18,183948,ER_R_MBUd_183968,na,#E066FF,,,,,,,,,,,,
ER_TL_R_MBUd_ES_19,183968,ER_R_MBUd_184303,na,#ef8f9f,,,,,,,,,,,,
ER_TL_R_MBUd_ES_20,184303,ER_R_MBUd_184308,na,#FFAEB9,,,,,,,,,,,,
ER_TL_R_MBUd_ES_21,184308,ER_R_MBUd_184314,na,#00BAB5,,,,,,,,,,,,
ER_TL_R_MBUd_ES_22,184314,ER_R_MBUd_184340,na,#029393,,,,,,,,,,,,
ER_TL_R_MBUd_ES_23,184340,ER_R_MBUd_184345,na,#007070,,,,,,,,,,,,
ER_TL_R_MBUd_ES_24,184345,ER_R_MBUd_184350,na,#188EEF,,,,,,,,,,,,
ER_TL_R_MBUd_ES_25,184350,ER_R_MBUd_184355,na,#F98980,,,,,,,,,,,,
ER_TL_R_MBUd_ES_26_SH_compl_syn,184355,ER_R_MBUd_184812,na,#F9685D,,,,,,,,,,,,
ER_TL_R_MBUd_ES_27,184812,ER_R_MBUd_184817,na,#CD4F39,,,ER_R_MBUv,#7DCAFF,,,,,,,,
ER_TL_R_MBUd_ES_28,184817,ER_R_MBUd_184822,na,#A2CD5A,,,,#E066FF,,,,,,,,
ER_TL_R_MBUd_ES_29,184822,ER_R_MBUd_186244,na,#E066FF,,,EPG_L2,#00BAB5,,,,,,,,
ER_TL_R_MBUd_ES_33,186244,ER_R_MBUd_186254,na,#99392C,,,EPG_L2,#00BAB5,,,,,,,,
ER_TL_R_MBUd_ES_35,186254,ER_R_MBUd_189176,na,#90B24F,,,EPG_L3,#00BAB5,,,,,,,,
ER_TL_R_MBUd_ES_38,189176,ER_R_MBUd_189231,na,#748E3C,,,EPG_L3,#00BAB5,,,,,,,,
ER_TL_R_MBUd_ES_40,189231,ER_R_MBUd_189246,na,#FFB90F,,,EPG_L3,#00BAB5,,,,,,,,
ER_TL_R_MBUd_ES_41,189246,ER_R_MBUd_189306,na,#17E579,,,EPG_L4,#00BAB5,,,,,,,,
ER_TL_R_MBUd_ES_42_syn,189306,ER_R_MBUd_189447,na,#00CD66,,,EPG_L4,#00BAB5,,,,,,,,
ER_TL_R_MBUd_ES_44,189447,ER_R_MBUd_189467,na,#7DCAFF,,,EPG_L4,#00BAB5,,,,,,,,
ER_TL_R_MBUd_ES_45,189467,ER_R_MBUd_189482,na,#188EEF,,,EPG_L5,#00BAB5,,,,,,,,
ER_TL_R_MBUd_ES_46,189482,ER_R_MBUd_189487,na,#FFD700,,,EPG_L5,#00BAB5,,,,,,,,
ER_TL_R_MBUd_ES_47,189487,ER_R_MBUd_189492,na,#0000FF,,,EPG_L5,#00BAB5,,,,,,,,
ER_TL_R_MBUd_ES_48,189492,ER_R_MBUd_189518,na,#E066FF,,,EPG_L6,#00BAB5,,,,,,,,
ER_TL_R_MBUd_ES_51,189518,ER_R_MBUd_189598,na,#00CD66,,,EPG_L6,#00BAB5,,,,,,,,
ER_TL_R_MBUd_ES_52,189598,ER_R_MBUd_189608,na,#00868B,,,EPG_L6,#00BAB5,,,,,,,,
ER_TL_R_MBUd_ES_53,189608,ER_R_MBUd_189613,na,#CD4F39,,,EPG_L7,#00BAB5,,,,,,,,
ER_TL_R_MBUd_ES_54,189613,ER_R_MBUd_189618,na,#A2CD5A,,,EPG_L7,#00BAB5,,,,,,,,
ER_TL_R_MBUd_ES_55,189618,ER_R_MBUd_189623,na,#FFB90F,,,PEG_L2,#FFAEB9,,,,,,,,
ER_TL_R_MBUd_ES_56,189623,ER_R_MBUd_189633,na,#00CD66,,,PEG_L3,#FFAEB9,,,,,,,,
ER_TL_R_MBUd_ES_57,189633,ER_R_MBUd_189676,na,#63B8FF,,,PEG_L4,#FFAEB9,,,,,,,,
ER_TL_R_MBUd_ES_58,189676,ER_R_MBUd_189548,na,#1E90FF,,,PEG_L5,#FFAEB9,,,,,,,,
ER_TL_R_MBUd_ES_60,189548,ER_R_MBUd_189628,na,#FFD700,,,PEG_L6,#FFAEB9,,,,,,,,
ER_TL_R_MBUd_ES_look again_59,189628,ER_R_MBUd_161066,na,#0000FF,,,PEN_b_L2,#FFB90F,,,,,,,,
ER_TL_R_MBUd_ES_SH_61,161066,ER_R_MBUd_63046,na,#E066FF,,,PEN_a_L2,#FFD700,,,,,,,,
ER_TL_R_MBUd_SH_MS_62,63046,ER_R_MBUv_63126,na,#ef8f9f,,,PEN_a_L3,#FFD700,,,,,,,,
ER_TL_R_MBUv_01,63126,ER_R_MBUv_64133,na,#FFAEB9,,,PEN_b_L3,#FFB90F,,,,,,,,
ER_TL_R_MBUv_02,64133,ER_R_MBUv_154881,na,#00BAB5,,,PEN_L4,#ef8f9f,,,,,,,,
ER_TL_R_MBUv_ES_03,154881,ER_R_MBUv_183659,na,#029393,,,PEN_L4,#ef8f9f,,,,,,,,
ER_TL_R_MBUv_ES_04,183659,ER_R_MBUv_183928,na,#007070,,,PEN_L4,#ef8f9f,,,,,,,,
ER_TL_R_MBUv_ES_05_near_compl_SH_syn,183928,ER_R_MBUv_183953,na,#188EEF,,,PEN_L4,#ef8f9f,,,,,,,,
ER_TL_R_MBUv_ES_06,183953,ER_R_MBUv_183958,na,#F98980,,,PEN_L5,#00868B,,,,,,,,
ER_TL_R_MBUv_ES_07_syn_not_compl,183958,ER_R_MBUv_183963,na,#F9685D,,,PEN_L5,#00868B,,,,,,,,
ER_TL_R_MBUv_ES_08,183963,ER_R_MBUv_184329,na,#CD4F39,,,PEN_L6,#CD4F39,,,,,,,,
ER_TL_R_MBUv_ES_09,184329,ER_R_MBUv_184335,na,#A2CD5A,,,PEN_L6,#CD4F39,,,,,,,,
ER_TL_R_MBUv_ES_10,184335,ER_R_MBUv_184365,na,#E066FF,,,PEN_L7,#A2CD5A,,,,,,,,
ER_TL_R_MBUv_ES_11,184365,ER_R_MBUv_184766,na,#99392C,,,PEN_L7,#A2CD5A,,,,,,,,
ER_TL_R_MBUv_ES_12,184766,ER_R_MBUv_184771,na,#90B24F,,,delta7_L9_L1,#FFB90F,,,,,,,,
ER_TL_R_MBUv_ES_13,184771,ER_R_MBUv_184782,na,#748E3C,,,delta7_L9_L1,#FFB90F,,,,,,,,
ER_TL_R_MBUv_ES_14,184782,ER_R_MBUv_184787,na,#FFB90F,,,delta7_L9_L1,#FFB90F,,,,,,,,
ER_TL_R_MBUv_ES_15,184787,ER_R_MBUv_184797,na,#17E579,,,delta7_L9_L1,#FFB90F,,,,,,,,
ER_TL_R_MBUv_ES_16,184797,ER_R_MBUv_189949,na,#00CD66,,,delta7_L9_L1,#FFB90F,,,,,,,,
ER_TL_R_MBUv_ES_18,189949,ER_R_MBUv_184324,na,#7DCAFF,,,delta7_L8_R1,#00CD66,,,,,,,,
ER_TL_R_MBUv_ES_20_SH_syn,184324,ER_R_MBUv_47185,na,#188EEF,,,delta7_L8_R1,#00CD66,,,,,,,,
ER_TL_R_MBUv_SH_ES_21,47185,ER_R_MBUv_157781,na,#FFD700,,,delta7_L8_R1,#00CD66,,,,,,,,
ER_TL_R_MBUv_SH_ES_22,157781,NA,na,#0000FF,,,delta7_L8_R1,#00CD66,,,,,,,,
FEx_RW_ExR_ER_TL_R_MS,118357,NA,na,#E066FF,,,delta7_L8_R1,#00CD66,,,,,,,,
EPG_LZ_L2_2_SH_HH_MS,55944,NA,na,#00CD66,,,delta7_L7_R2,#63B8FF,,,,,,,,
EPG_LZ_L2_3_SH_MS_HH,55952,NA,na,#00868B,,,delta7_L7_R2,#63B8FF,,,,,,,,
EPG_LZ_L3_ID_SH,54939,NA,na,#CD4F39,,,delta7_L7_R2,#63B8FF,,,,,,,,
EPG_LZ_L3_ID_2,57518,NA,na,#A2CD5A,,,delta7_L7_R2,#63B8FF,,,,,,,,
EPG_LZ_L3_ID_1,57529,NA,na,#FFB90F,,,delta7_L7_R2,#63B8FF,,,,,,,,
EPG_LY_L4_SH_AZ,34228,NA,na,#00CD66,,,,#E066FF,,,,,,,,
EPG_LY_L4_SH,34955,NA,na,#63B8FF,,,delta7_L6_R3,#1E90FF,,,,,,,,
EPG_LY_L4_SH,35304,NA,na,#1E90FF,,,delta7_L6_R3,#1E90FF,,,,,,,,
EPG_LY_L5_SH_AZ,34187,NA,na,#FFD700,,,delta7_L6_R3,#1E90FF,,,,,,,,
EPG_LY_L5_SH,34199,NA,na,#0000FF,,,delta7_L6_R3,#1E90FF,,,,,,,,
EPG_LY_L5_SH_AZ_1,35471,NA,na,#E066FF,,,delta7_L6_R3,#1E90FF,,,,,,,,
EPG_LX_L6_todo_ID_SH,57712,NA,na,#ef8f9f,,,delta7_L5_R4,#FFD700,,,,,,,,
EPG_LX_L6_ID,59381,NA,na,#FFAEB9,,,delta7_L5_R4,#FFD700,,,,,,,,
EPG_LX_L6_ID,60458,NA,na,#00BAB5,,,delta7_L5_R4,#FFD700,,,,,,,,
EPG_LX_L7_ID_SH_todo,61964,NA,na,#029393,,,delta7_L5_R4,#FFD700,,,,,,,,
EPG_LX_L7_ID_22,62456,NA,na,#007070,,,delta7_L5_R4,#FFD700,,,,,,,,
PEG_L2_55930,55930,NA,na,#188EEF,,,,#E066FF,,,,,,,,
PEG_L3_99063,99063,NA,na,#F98980,,,delta7_L4_R5,#0000FF,,,,,,,,
PEG_L4_35097,35097,NA,na,#F9685D,,,delta7_L4_R5,#0000FF,,,,,,,,
PEG_L5_42175,42175,NA,na,#CD4F39,,,delta7_L4_R5,#0000FF,,,,,,,,
PEG_L6_60208,60208,NA,na,#A2CD5A,,,delta7_L4_R5,#0000FF,,,,,,,,
PEN_b_L2_112713,112713,NA,na,#E066FF,,,delta7_L3_R6,#E066FF,,,,,,,,
PEN_a_L2_112687,112687,NA,na,#99392C,,,delta7_L3_R6,#E066FF,,,,,,,,
PEN_a_L3_63772,63772,NA,na,#90B24F,,,delta7_L3_R6,#E066FF,,,,,,,,
PEN_b_L3_63776,63776,NA,na,#748E3C,,,delta7_L3_R6,#E066FF,,,,,,,,
PEN_LY_L4_SH,35368,NA,na,#FFB90F,,,delta7_L3_R6,#E066FF,,,,,,,,
PEN_LY_L4_SH_SB_cina,99084,NA,na,#17E579,,,delta7_L3_R6,#E066FF,,,,,,,,
PEN_LY_L4_SH_todo,35091,NA,na,#00CD66,,,delta7_L2_R7,#ef8f9f,,,,,,,,
PEN_LY_L4_SH_todo_1,35224,NA,na,#7DCAFF,,,delta7_L2_R7,#ef8f9f,,,,,,,,
PEN_LY_L5_1_SH,35102,NA,na,#188EEF,,,delta7_L2_R7,#ef8f9f,,,,,,,,
PEN_LY_L5_SH,34931,NA,na,#FFD700,,,delta7_L2_R7,#ef8f9f,,,,,,,,
PEN_LX_L6_SH,34205,NA,na,#0000FF,,,delta7_L2_R7,#ef8f9f,,,,,,,,
PEN_LX_L6_SH,34212,NA,na,#E066FF,,,PEN_a_L2,#FFD700,,,,,,,,
PEN_LX_L7_1_MS,118463,NA,na,#00CD66,,,PEN_b_L2,#FFB90F,,,,,,,,
PEN_LX_L7_2_MS,118524,delta7_L9_L1_81004,na,#00868B,,,PEN_a_L3,#FFD700,,,,,,,,
delta7_L_L9_L1,81004,delta7_L9_L1_84275,na,#CD4F39,,,PEN_b_L3,#FFB90F,,,,,,,,
delta7_L_L9_L1,84275,delta7_L9_L1_81014,na,#A2CD5A,,,PEN_L4,#ef8f9f,,,,,,,,
delta7_L_L9_L1_11_FS,81014,delta7_L9_L1_76634,na,#FFB90F,,,PEN_L4,#ef8f9f,,,,,,,,
delta7_L_L9_L1_FS,76634,delta7_L9_L1_82977,na,#00CD66,,,PEN_L4,#ef8f9f,,,,,,,,
delta7_L_L9_L1_MS,82977,delta7_L8_R1_83698,na,#63B8FF,,,PEN_L4,#ef8f9f,,,,,,,,
delta7_L_L8_R1,83698,delta7_L8_R1_81019,na,#1E90FF,,,PEN_L5,#00868B,,,,,,,,
delta7_L_L8_R1_12_FS,81019,delta7_L8_R1_83758,na,#FFD700,,,PEN_L5,#00868B,,,,,,,,
delta7_L_L8_R1_27_todo_FS,83758,delta7_L8_R1_78122,na,#0000FF,,,PEN_L6,#CD4F39,,,,,,,,
delta7_L_L8_R1_FS,78122,delta7_L8_R1_84265,na,#E066FF,,,PEN_L6,#CD4F39,,,,,,,,
delta7_L_L8_R1_R8_FS,84265,delta7_L7_R2_83735,na,#ef8f9f,,,PEN_L7,#A2CD5A,,,,,,,,
delta7_L7_R2,83735,delta7_L7_R2_84530,na,#FFAEB9,,,PEN_L7,#A2CD5A,,,,,,,,
delta7_L7_R2,84530,delta7_L7_R2_84216,na,#00BAB5,,,PEN_L8,#FFAEB9,,,,,,,,
delta7_L_L7_R2_FS,84216,delta7_L7_R2_82595,na,#029393,,,PEN_L8,#FFAEB9,,,,,,,,
delta7_L7_R2_16_FS,82595,delta7_L7_R2_83765,na,#007070,,,PEN_L9,#00BAB5,,,,,,,,
delta7_L7_R2_28_FS,83765,,na,#188EEF,,,PEN_L9,#00BAB5,,,,,,,,
delta7_L6R3_80994,80994,delta7_L6_R3_84617,na,#F98980,,,PEN_L9,#00BAB5,,,,,,,,
delta7_L_L6_R3_39_FS,84617,delta7_L6_R3_82632,na,#F9685D,,,,#E066FF,,,,,,,,
delta7_L6_R3,82632,delta7_L6_R3_83232,na,#CD4F39,,,,#E066FF,,,,,,,,
delta7_L6_R3,83232,delta7_L6_R3_83744,na,#A2CD5A,,,,#E066FF,,,,,,,,
delta7_L6_R3,83744,delta7_L6_R3_86277,na,#E066FF,,,,#E066FF,,,,,,,,
delta7_L6_R3_41_FS,86277,delta7_L5_R4_84466,na,#99392C,,,,#E066FF,,,,,,,,
delta7_L5_R4_35_FS,84466,delta7_L5_R4_84500,na,#90B24F,,,,#E066FF,,,,,,,,
delta7_L_L5_R4_FS,84500,delta7_L5_R4_75297,na,#748E3C,,,,#E066FF,,,,,,,,
delta7_L_L5_R4_SH,75297,delta7_L5_R4_75302,na,#FFB90F,,,,#E066FF,,,,,,,,
delta7_L_L5_R4_SH,75302,delta7_L5_R4_75326,na,#17E579,,,,#E066FF,,,,,,,,
delta7_L_L5_R4_SH,75326,,na,#00CD66,,,,,,,,,,,,
delta7_L_L4R5_83239,83239,delta7_L4_R5_110806,na,#7DCAFF,,,,,,,,,,,,
delta7_R_L4_R5,110806,delta7_L4_R5_83112,na,#188EEF,,,,,,,,,,,,
delta7_R_L4_R5_FS,83112,delta7_L4_R5_84303,na,#FFD700,,,,,,,,,,,,
delta7_R_L4_R5_FS,84303,delta7_L4_R5_81522,na,#0000FF,,,,,,,,,,,,
delta7_R_L4_R5_SH_FS,81522,delta7_L3_R6_82590,na,#E066FF,,,,,,,,,,,,
delta7_R_L3_R6_FS,82590,delta7_L3_R6_84354,na,#00CD66,,,,,,,,,,,,
delta7_R_L3_R6_FS,84354,delta7_L3_R6_84631,na,#00868B,,,,,,,,,,,,
delta7_R_L3_R6_FS,84631,delta7_L3_R6_79852,na,#CD4F39,,,,,,,,,,,,
delta7_R_L3_R6_SH_FS,79852,delta7_L3_R6_81527,na,#A2CD5A,,,,,,,,,,,,
delta7_R_L3_R6_SH_FS,81527,delta7_L3_R6_81541,na,#FFB90F,,,,,,,,,,,,
delta7_R_L3_R6_SH_FS,81541,delta7_L2_R7_83213,na,#00CD66,,,,,,,,,,,,
delta7_R_L2_R7_FS,83213,delta7_L2_R7_83722,na,#63B8FF,,,,,,,,,,,,
delta7_R_L2_R7_FS,83722,delta7_L2_R7_84178,na,#1E90FF,,,,,,,,,,,,
delta7_R_L2_R7_FS,84178,delta7_L2_R7_84473,na,#FFD700,,,,,,,,,,,,
delta7_R_L2_R7_FS,84473,delta7_L2_R7_42181,na,#0000FF,,,,,,,,,,,,
delta7_R_L2_R7_SH,42181,,na,#E066FF,,,,,,,,,,,,
PEN_a_L2_112687,112687,,na,#ef8f9f,,,,,,,,,,,,
PEN_b_L2_112713,112713,,na,#CD4F39,,,,,,,,,,,,
PEN_a_L3_63772,63772,,na,#00BAB5,,,,,,,,,,,,
PEN_b_L3_63776,63776,,na,#029393,,,,,,,,,,,,
PEN_LY_L4_SH_todo,35091,,na,#007070,,,,,,,,,,,,
PEN_LY_L4_SH_todo,35224,,na,#188EEF,,,,,,,,,,,,
PEN_LY_L4_SH_SB_cina,99084,,na,#F98980,,,,,,,,,,,,
PEN_LY_L4_SH,35368,,na,#F9685D,,,,,,,,,,,,
PEN_LY_L5_SH,34931,,na,#CD4F39,,,,,,,,,,,,
PEN_LY_L5_1_SH,35102,,na,#A2CD5A,,,,,,,,,,,,
PEN_LX_L6_SH,34205,,na,#E066FF,,,,,,,,,,,,
PEN_LX_L6_SH,34212,,na,#99392C,,,,,,,,,,,,
PEN_LX_L7_2_MS,118524,,na,#90B24F,,,,,,,,,,,,
PEN_LX_L7_1_MS,118463,,na,#748E3C,,,,,,,,,,,,
PEN_LW_L8_todo_ID_SH,63157,,na,#FFB90F,,,,,,,,,,,,
PEN_LW_L8_MS,105737,,na,#17E579,,,,,,,,,,,,
PEN_LW_L9_ID_SH_MS,63187,,na,#00CD66,,,,,,,,,,,,
PEN_LW_L9_3_MS,118898,,na,#7DCAFF,,,,,,,,,,,,
PEN_LW_L9_2_MS,118885,,,#CD4F39,,,,,,,,,,,,
TN_LNO1_R_SH_AT,47215,,,#FFD700,,,,,,,,,,,,
TN_LNO2_R_SH_AT,47221,,,#0000FF,,,,,,,,,,,,
TN/LNO3_todo_AT_R_SH,56999,,,#E066FF,,,,,,,,,,,,
TN/LNO4_todo_AT_R_SH,57012,,,#00CD66,,,,,,,,,,,,
TN/LNO5_todo_AT_R_SH,57022,,,#00868B,,,,,,,,,,,,
TN/LNO6_todo_AT_R_SH,57028,,,#CD4F39,,,,,,,,,,,,
TN/LNO7_todo_AT_SH,57076,,,#A2CD5A,,,,,,,,,,,,
TN/LNO8_todo_AT_SH,57081,,,#FFB90F,,,,,,,,,,,,
TN/LNO9_todo_AT_R_SH,57628,,,#00CD66,,,,,,,,,,,,
