Cell supertype,Catmaid name,% reviewed,Export date,Backbone coordinate,Latest segment IDs,Cell type proposal,Proofreader,Latest update,Ongoing,To split,Completed,Comments,Num. of segs,Supervoxel ID,Root ID,Root ID updated,CATMAID skid
EPG,EPG_LW_L8_todo_AT_SH,0,20/03/2025,,576460752531531373,,Stanley,23/08/2025,TRUE,FALSE,FALSE,,0,,,,
EPG,EPG_LW_L8_todo_AT_SH,0,20/03/2025,,"576460752464132370,576460752428778197,576460752485374978,576460752454812661,576460752490902315,576460752515789095,576460752387541629,576460752463805202,576460752466865782,576460752478644726,576460752463732801,576460752455659765,576460752434928911,576460752428576455,576460752374062382,576460752435963297,576460752372356336,576460752396598277,576460752451737716,576460752445142366,576460752489479717",,,21/03/2025,TRUE,FALSE,FALSE,,20,,,,
EPG,EPG_LW_L8_todo_AT_SH,0,20/03/2025,,"576460752508839399,576460752463727937,576460752494513750,576460752490206002,576460752482350760,576460752396629509,576460752514341898,576460752371232240,576460752507536688,576460752318715350,576460752410228736,576460752502919194,576460752335786059,576460752319080396,576460752428565959,576460752485376770,576460752435963041,576460752485345026",,,21/03/2025,TRUE,FALSE,FALSE,,17,,,,
EPG,EPG_LW_L8_todo_AT_SH,0,20/03/2025,,"576460752463189483,576460752407226455,576460752485384962,576460752451803252,576460752311519347,576460752422351078,576460752407095127,576460752435964321,576460752423609450,576460752474810193,576460752462999432,576460752408218741,576460752514422026,576460752373962542,576460752444842386,576460752357771409,576460752418850395,576460752458782814,576460752463789330,576460752514386698",,,21/03/2025,TRUE,FALSE,FALSE,,19,,,,
EPG,EPG_LW_L9_todo_AT_SH,0,20/03/2025,"6409, 28887, 2300",576460752498039563,,Sarah,22/12/2025,FALSE,FALSE,TRUE,https://neuromancer-seung-import.appspot.com/?json_url=https://global-2025.connectomics.braininbrain.org/nglstate/api/v1/5762266410516480,0,,,,
EPG,EPG_LW_L9_todo_AT_SH,0,20/03/2025,,"576460752436320534,576460752452242958,576460752479131805,576460752501551539,576460752483523848,576460752343343827,576460752343503858,576460752471470073,576460752345922860,576460752344440708,576460752387465557,576460752377944099,576460752460638638,576460752316084132,576460752446109368,576460752322877815,576460752452569682,576460752341864787,576460752316318628,576460752431788564,576460752432789903,576460752388281429,576460752351461877,576460752350226677,576460752343824260,576460752415184360,576460752425321867,576460752338705336,576460752410193369,576460752343976178,576460752386922325,576460752454896654,576460752419530747,576460752471462393,576460752327330035,576460752388083285,576460752494494550,576460752335912632,576460752320247242,576460752453244942,576460752344617092,576460752518069509,576460752479032733,576460752455305656,576460752471277561,576460752343265304,576460752321509834,576460752415234436,576460752460820142,576460752387285333,576460752322372727,576460752319675468,576460752414975531,576460752431486469,576460752454516750,576460752336814776,576460752471461369,576460752343238386,576460752321006738,576460752326572019,576460752333768660,576460752387397431,576460752352559955,576460752343386610,576460752462012078",,Sarah,21/03/2025,TRUE,FALSE,FALSE,,64,,,,
EPG,EPG_LW_L9_todo_AT_SH,0,20/03/2025,,576460752457028715,,Saroja,23/08/2025,TRUE,FALSE,FALSE,likely PEG,0,,,,
EPG,EPG_LW_L9_todo_AT_SH_MS,0,20/03/2025,,"576460752483888434,576460752318676534,576460752352123275,576460752351649147,576460752317222483,576460752402507336,576460752325961361,576460752497934301,576460752351859851,576460752445988306,576460752483686962,576460752528041479,576460752433005061,576460752528471534,576460752432814853,576460752352262027,576460752353352331,576460752485711666,576460752425627773,576460752318641078,576460752327496866,576460752318113423,576460752350319499,576460752350823291,576460752361708376,576460752316413011,576460752313019988,576460752465276784,576460752352716939,576460752330458031,576460752315828819,576460752317063251,576460752313505108,576460752602590252,576460752327502498,576460752361212760,576460752530255111,576460752316223827,576460752320811958,576460752353361560",,,21/03/2025,TRUE,FALSE,FALSE,,39,,,,
EPG,EPG_LX_L6_MS,0,20/03/2025,,576460752433643203,,Stanley,27/03/2025,FALSE,FALSE,TRUE,"not verified all ends, but largely done",0,,,,
EPG,EPG_LX_L6_MS,0,20/03/2025,,"576460752392585843,576460752361442348,576460752490271275,576460752504476985,576460752319747062,576460752477659714,576460752419142807,576460752440399181",,,21/03/2025,TRUE,FALSE,FALSE,,7,,,,
EPG,EPG_LX_L6_SH_AT,0,20/03/2025,,"576460752480467336,576460752484429932,576460752493861718,576460752439366975,576460752490318891,576460752520189518",,,21/03/2025,TRUE,FALSE,FALSE,,5,,,,
EPG,EPG_LX_L7_AT,0,20/03/2025,,"576460752437119615,576460752451718529,576460752436635263,576460752398309751,576460752483585678,576460752312088695,576460752482135694,576460752435993094,576460752451732865,576460752437344895,576460752439585407,576460752435972223,576460752443634057,576460752436895871,576460752312739952,576460752407502966,576460752439127167,576460752483101326,576460752404360368,576460752438052223,576460752443846025,576460752483811982,576460752451731585,576460752439123071,576460752451717249,576460752439343487",,Stanley,02/04/2025,TRUE,FALSE,FALSE,,25,,,,
EPG,EPG_LX_L7_AT,0,20/03/2025,,"576460752494160726,576460752473828664,576460752520917892,576460752443065616,576460752525674596,576460752440615721,576460752435847174,576460752471652507,576460752444886187,576460752470377659,576460752471742107,576460752483146769,576460752320545744,576460752468099482,576460752479954605,576460752330491486,576460752394686477,576460752494110038,576460752355212516,576460752356429796,576460752439034687,576460752406791386,576460752481637340,576460752317677426,576460752375176810,576460752410198272,576460752461100159,576460752452256222,576460752346632977,576460752521020804,576460752489838203",,,21/03/2025,TRUE,FALSE,FALSE,,30,,,,
EPG,EPG_LX_L7_SH_AT,0,20/03/2025,,"576460752446823153,576460752470323643,576460752310608120,576460752304929900,576460752479938733,576460752450602292,576460752507555071,576460752525682276,576460752489041031,576460752439010623,576460752481402853,576460752324416359,576460752489782651,576460752431023754,576460752456418323,576460752410216960,576460752450569268,576460752427776715,576460752483145745,576460752471643803,576460752460986751,576460752405526704,576460752494294870",,,21/03/2025,TRUE,FALSE,FALSE,,22,,,,
EPG,EPG_LY_L4_MS,0,20/03/2025,,"576460752515392938,576460752429860621,576460752461073936,576460752322694804,576460752462354137",,,21/03/2025,TRUE,FALSE,FALSE,,4,,,,
EPG,EPG_LY_L4_MS,0,20/03/2025,,"576460752417837744,576460752515392938,576460752399752111,576460752417152432,576460752475443248,576460752470975443,576460752413997560,576460752459875974",,,21/03/2025,TRUE,FALSE,FALSE,,7,,,,
EPG,EPG_LY_L4_MS,2,20/03/2025,"15289, 27108, 1319",576460752436290901,,Vanessa / Marcel,10/12/2025,FALSE,FALSE,TRUE,https://neuromancer-seung-import.appspot.com/?json_url=https://global-2025.connectomics.braininbrain.org/nglstate/api/v1/5645276802973696,0,,576460752436290901,2025-12-19,103651
EPG,EPG_LY_L5_MS,0,20/03/2025,,"576460752405761312,576460752490947627,576460752439033010,576460752389165931",,,21/03/2025,TRUE,FALSE,FALSE,,3,,,,
EPG,EPG_LY_L5_SH_AT,0,20/03/2025,"13050, 26440, 1527","576460752305889531, 576460752349983960, 576460752366157405, 576460752366484115, 576460752383124315, 576460752384387675, 576460752390418126, 576460752402708569, 576460752405408302, 576460752416847415, 576460752419299735, 576460752429454134, 576460752433282657, 576460752457560226, 576460752459088290, 576460752476079907, 576460752483298086, 576460752484632794, 576460752488647713, 576460752489802342, 576460752492710335, 576460752508368359, 576460752526989470, 576460752538620656, 576460752549182127",,Vanessa,11/12/2025,TRUE,FALSE,FALSE,https://spelunker.cave-explorer.org/#!middleauth+https://global.daf-apis.com/nglstate/api/v1/5747599368781824,24,97971708715080374,576460752405408302,2025-12-19,
EPG,EPG_LY_L5_todo_AT_SH,0,20/03/2025,,"576460752508394727,576460752508413415,576460752439042738,576460752451511234,576460752414359520",,,21/03/2025,TRUE,FALSE,FALSE,,4,,,,
EPG,EPG_LY_L5_todo_AT_SH,0,20/03/2025,,"576460752460107870,576460752350976756,576460752508696295,576460752436456097,576460752508253927,576460752436454561,576460752508704743,576460752439054258,576460752407497947",,,21/03/2025,TRUE,FALSE,FALSE,,8,,,,
EPG,EPG_LY_L5_todo_AT_SH,0,20/03/2025,,"576460752422611385,576460752474698296,576460752474469432,576460752370546525,576460752368838493,576460752430431052",,,21/03/2025,TRUE,FALSE,FALSE,,5,,,,
EPG,EPG_LZ_L2_MS,0,20/03/2025,,"576460752573273607,576460752433739873",,Stanley,21/03/2025,TRUE,FALSE,FALSE,needs CATMAID extension,1,,,,
EPG,EPG_LZ_L2_SH,0,20/03/2025,,"576460752462110304,576460752386685379,576460752386200259,576460752482601712,576460752462441729,576460752433559905,576460752386014659",,,21/03/2025,TRUE,FALSE,FALSE,,6,,,,
EPG,EPG_LZ_L2_SH,0,20/03/2025,,576460752532071081,,,21/03/2025,TRUE,FALSE,FALSE,Catmaid..,0,,,,
EPG,EPG_LZ_L3_AT_MS,12,20/03/2025,,"576460752423190129,576460752488273579,576460752423040113,576460752429105933,576460752430919314,576460752450374352,576460752520738894,576460752370309963,576460752417346615,576460752438942729,576460752455521201,576460752475043008,576460752423088840,576460752377629126,576460752447416229,576460752475649231,576460752393205957,576460752429512594,576460752417671611,576460752319360704,576460752394314423,576460752489455335,576460752488268459,576460752472033547,576460752417432631",,,21/03/2025,TRUE,FALSE,FALSE,,24,,,,
EPG,EPG_LZ_L3_MS,14,20/03/2025,,"576460752472701048,576460752436145569,576460752593754806,576460752416125824,576460752566651264,576460752391770222,576460752447175845,576460752474370180,576460752369302267,576460752438942729,576460752399329832,576460752472642168,576460752415193438,576460752402554844,576460752472701816,576460752566678912,576460752463361601,576460752423106799,576460752402232443,576460752429703899,576460752492126040,576460752434454161",,,21/03/2025,TRUE,FALSE,FALSE,,21,,,,
EPG,EPG_LZ_L3_MS,16,20/03/2025,,"576460752404392846,576460752444941843,576460752450581034,576460752439209319,576460752477620695,576460752409859464,576460752412237428,576460752422817977,576460752415662986,576460752411218292,576460752371267761,576460752404882830,576460752414004324,576460752406509655,576460752508199655,576460752499274101,576460752426853279,576460752423088840,576460752410004872,576460752566641280,576460752435636048,576460752408247432,576460752415569024,576460752391083419,576460752438942729,576460752458689828,576460752472661112,576460752441782903,576460752402908046,576460752416377002,576460752485608181,576460752451459685,576460752468966633,576460752413671268,576460752484625163,576460752520738894,576460752409003400,576460752411576081",,,21/03/2025,TRUE,FALSE,FALSE,,37,,,,
EPG,EPG_LZ_L3_MS_to-do,14,20/03/2025,,"576460752471718667,576460752423097800,576460752406316589,576460752438937353,576460752450374096,576460752423317617",,,21/03/2025,TRUE,FALSE,FALSE,,5,,,,
EPG,EPG_LZ_R1-L1_AT,0,20/03/2025,,"576460752510354442,576460752361568138,576460752447234394,576460752495811469,576460752436744940,576460752442116622,576460752509407754,576460752417815151,576460752401131919,576460752438931815,576460752373818847,576460752355421307,576460752370402457,576460752329128702,576460752497660695,576460752356716923,576460752531693872,576460752498858973,576460752436838636,576460752464293185,576460752386721427,576460752489363446,576460752447358042",,,21/03/2025,TRUE,FALSE,FALSE,,22,,,,
EPG,EPG_LZ_R1-L1_AT_SH,1,20/03/2025,,"576460752492183487,576460752400900352,576460752490091058,576460752505562812,576460752335072128,576460752345712571,576460752310972208,576460752318539839,576460752345562043,576460752336585962,576460752404227801,576460752349256826,576460752364993401,576460752425699884,576460752321200018,576460752505956284,576460752309944880,576460752526632124,576460752502084284,576460752489831192,576460752449702060,576460752531527728,576460752503929532,576460752468236482,576460752478539479,576460752453781724,576460752353905013,576460752361416036,576460752494798104,576460752470738024,576460752321209746,576460752450828658,576460752450095532,576460752480773630,576460752308097840,576460752322005394,576460752387894726,576460752429805710,576460752364831097,576460752333118520,576460752362958137,576460752501931196,576460752406204488,576460752330517594,576460752353804661,576460752450088562,576460752492191167,576460752468259522,576460752430506887,576460752323061138,576460752336444138,576460752323486098,576460752478232857,576460752357819253,576460752502693820,576460752436815852,576460752478232345,576460752323269778,576460752456562908,576460752322380434,576460752345025445,576460752503730620,576460752425518124,576460752364233081,576460752321829266,576460752360745572,576460752450512300,576460752324063378,576460752451930537,576460752449932146,576460752494444312,576460752497660695,576460752323685010,576460752308057648,576460752363160377,576460752456489180,576460752345852603,576460752501888188,576460752354369909,576460752397110757,576460752453776860,576460752503326652,576460752449128306,576460752531448112,576460752505298149,576460752308009008,576460752323923090,576460752505304293,576460752365170041,576460752319007206,576460752322987922,576460752321776274,576460752308786992,576460752492241343,576460752540586627,576460752355353721,576460752531677232,576460752392358400,576460752405230209,576460752308079664,576460752353817205,576460752345612731,576460752322198674,576460752354156405,576460752372643621,576460752308174384,576460752357646197",,,05/04/2025,TRUE,FALSE,FALSE,,106,,,,
EPG,EPG_LZ_R1-L1_MS,0,20/03/2025,,"576460752505319141,576460752408361602,576460752331620357,576460752474170268,576460752410682498,576460752331442181,576460752328349692,576460752490655349,576460752408355458,576460752362281273,576460752505239013,576460752409424716,576460752461937504,576460752456267176,576460752436725484,576460752419229889,576460752338876075,576460752341522142,576460752496132692,576460752325138443,576460752493390012,576460752368963316,576460752444602213,576460752491765287,576460752489363446,576460752441444550,576460752441022094,576460752378064101,576460752406206536,576460752374134077,576460752435550334,576460752400206939,576460752497660695,576460752429832846,576460752475891058,576460752349115283,576460752342445022,576460752427693109,576460752472148380,576460752453939168,576460752347325133,576460752358334020,576460752401624537,576460752350584739,576460752356547189,576460752470642024,576460752491579431,576460752473403834,576460752481072748,576460752428387271,576460752343231584,576460752379762589,576460752401753049,576460752441647630,576460752378559973,576460752364726686,576460752388596337,576460752440583622,576460752341786846,576460752348943053,576460752354680181,576460752355449758,576460752335667365,576460752526661820,576460752328620302,576460752406407496,576460752526595260,576460752315281092,576460752505116901,576460752407010391,576460752313157195,576460752436458350,576460752365631627,576460752357356943,576460752531462192,576460752470648680,576460752517197573,576460752337437349,576460752354849141,576460752357051515,576460752346949523,576460752399742351,576460752338699179,576460752457434127,576460752461981024,576460752430725774,576460752348936653,576460752474763582,576460752347537043,576460752476927858,576460752358866334,576460752343824315,576460752330758652,576460752511814076,576460752475789682,576460752357075829,576460752347492045,576460752438931815,576460752383753619,576460752440441286,576460752496171604,576460752363324087,576460752330967805,576460752330022140,576460752436836588,576460752330162190,576460752505252837,576460752421676911,576460752314785955,576460752452031346,576460752478316492,576460752437535374,576460752376787679,576460752478115353,576460752478129177,576460752474707518,576460752343203806,576460752343085152,576460752342924367,576460752478554316,576460752493901838,576460752511402023,576460752453910240,576460752406433352,576460752339691230,576460752495889293,576460752497187083,576460752462091360,576460752363102545,576460752482224236,576460752443258400,576460752432692518,576460752390159476",,,21/03/2025,TRUE,FALSE,FALSE,,132,,,,
EPG,EPG_RY_R4_MS,0,20/03/2025,,,,,,FALSE,FALSE,FALSE,,0,,,,
EPG,EPG_RY_R4_MS,0,20/03/2025,,,,,,FALSE,FALSE,FALSE,,0,,,,
EPG,EPG_RY_R4_todo_AT_SH,0,20/03/2025,,,,,,FALSE,FALSE,FALSE,,0,,,,
EPG,EPG_RY_R5_MS,0,20/03/2025,,,,,,FALSE,FALSE,FALSE,,0,,,,
EPG,EPG_RZ_R1_todo_AT_SH,0,20/03/2025,,"576460752468061608,576460752323180774,576460752455167531,576460752406242632,576460752454090720,576460752403374233,576460752531666224,576460752468028584,576460752436752108,576460752316139775,576460752340336688,576460752479578994,576460752531573552,576460752478473330,576460752496624152,576460752354948981,576460752384488511,576460752468323010,576460752345653088,576460752531667248,576460752473487290,576460752412700618,576460752356828277,576460752451489353,576460752549425583,576460752532698066,576460752401772826,576460752331530988,576460752323520909,576460752478127897,576460752383687819,576460752343272783,576460752328782482,576460752453350002,576460752400627994,576460752338826080",,,21/03/2025,TRUE,FALSE,FALSE,,35,,,,
EPG,EPG_RZ_R1/L1_SH,0,20/03/2025,,"576460752505332453,576460752526458812,576460752505111525,576460752526695612,576460752334999417,576460752393343579,576460752532697554,576460752505244645,576460752333291790,576460752505110245,576460752393579516,576460752372306019,576460752464348737,576460752338466513,576460752485916418,576460752495647885,576460752341028305",,,21/03/2025,TRUE,FALSE,FALSE,,16,,,,
EPG,EPG_RZ_R1/L1_todo_AT_SH,0,20/03/2025,,"576460752441623238,576460752517309326,576460752478547916,576460752532697554,576460752531496240,576460752483987829,576460752442441414,576460752407550125,576460752498436573,576460752376763356,576460752308200538,576460752346798002,576460752342644904,576460752327727712,576460752478643415,576460752406936151,576460752346179506,576460752528217582,576460752328088700,576460752489497979,576460752323883183,576460752469678980,576460752461951840,576460752414617080,576460752408967085,576460752436752108,576460752367577702,576460752474587198,576460752403383193,576460752531602224,576460752328320096,576460752549425583,576460752429666326,576460752478576332,576460752442457542,576460752326041184,576460752326628192,576460752380014490,576460752337765984,576460752343786152,576460752517308046,576460752328402528,576460752454091744,576460752447234650,576460752352281486,576460752320275686",,,21/03/2025,TRUE,FALSE,FALSE,,45,,,,
EPG,EPG_RZ_R2_MS_no-PB?,0,20/03/2025,,,,,,FALSE,FALSE,FALSE,,0,,,,
EPG,EPG_RZ_R2_SH,0,20/03/2025,,,,,,FALSE,FALSE,FALSE,,0,,,,
EPG,EPG_RZ_R2_SH,0,20/03/2025,,,,,,FALSE,FALSE,FALSE,,0,,,,
EPG,EPG_RZ_R2_SH,0,20/03/2025,,,,,,FALSE,FALSE,FALSE,,0,,,,
EPG,EPG_RZ_R3_MS,0,20/03/2025,,,,,,FALSE,FALSE,FALSE,,0,,,,
EPG,EPG_RZ_R3_MS,0,20/03/2025,,,,,,FALSE,FALSE,FALSE,,0,,,,
EPG,EPG_RZ_R3_SH_AT,0,20/03/2025,,,,,,FALSE,FALSE,FALSE,,0,,,,
EPG,EPG_RZ_R3_todo_AT_SH,0,20/03/2025,,,,,,FALSE,FALSE,FALSE,,0,,,,
EPG,EPG_todo_LY_L4_SH_AT,0,20/03/2025,,"576460752344919115,576460752522926742,576460752404184872,576460752537267501,576460752491702627,576460752532158162,576460752482069416",,,21/03/2025,TRUE,FALSE,FALSE,,6,,,,
EPG,EPG?dunno_FS,0,20/03/2025,,"576460752471661979,576460752471661979,576460752471661979,576460752471661979,576460752471661979,576460752471661979,576460752471661979,576460752471661979,576460752399114720,576460752399114720,576460752399114720,576460752399114720,576460752460844159,576460752460844159,576460752493645053,576460752493645053,576460752493645053,576460752493645053,576460752408256102,576460752493645053,576460752493645053,576460752538188077,576460752538188077,576460752538188077,576460752538188077,576460752538188077,576460752538188077,576460752538188077,576460752538188077,576460752538188077,576460752538188077,576460752538188077,576460752538188077,576460752538188077,576460752450879561,576460752450879561,576460752450879561,576460752471661979,576460752471661979,576460752471661979,576460752429005781,576460752429005781,576460752429005781,576460752429005781,576460752488089590,576460752488089590,576460752488089590,576460752488089590,576460752488089590,576460752463701569,576460752463701569,576460752463701569,576460752463701569,576460752463701569,576460752469824997,576460752463701569,576460752463701569,576460752463701569,576460752511027882,576460752488225270,576460752488225270,576460752488225270,576460752488225270,576460752488225270,576460752488225270,576460752488225270,576460752488225270,576460752488225270,576460752488225270,576460752449661306,576460752469362665,576460752469362665,576460752469362665,576460752469362665,",,,,FALSE,FALSE,FALSE,,74,,,,
EPG,PF1?_EPG-like_L6_MS,0,20/03/2025,,"576460752527810798,576460752471314843,576460752418751995,576460752527734254,576460752533099156,576460752533099156,576460752418336603,576460752418336603,576460752418336603,576460752418336603,576460752527810798,576460752527810798,576460752471314843,576460752471314843,576460752471314843,576460752473008405,576460752526041532,576460752471314843,576460752471314843,576460752471314843,576460752517584266,576460752517584266,576460752348901241,576460752517633418,576460752418751995,",,,,FALSE,FALSE,FALSE,,25,,,,
,,,,,"576460752386873362,576460752475395726,576460752316959010,576460752321204705,576460752330878575,576460752505160167,576460752331120495,576460752418347128,576460752315892002,576460752463624864,576460752344608046,576460752504553959,576460752424814712,576460752319624161,576460752451964788,576460752308545821,576460752325845026,576460752322707490,576460752322982113,576460752371674839,576460752316977698,576460752325010722,576460752332256367,576460752386806802,576460752459183073,576460752321047777,576460752330882671,576460752335746325,576460752457763809,576460752334090261,576460752426594936,576460752309028862,576460752324366114,576460752424501624,576460752314730018,576460752387531514,576460752458219489,576460752463618976,576460752308574493,576460752421440569,576460752387990522,576460752488563606,576460752421286457,576460752332344687,576460752318581794,576460752469267177,576460752367449987,576460752348605856,576460752485508996,576460752487385571,576460752325426210,576460752469333225,576460752385494034,576460752332811887,576460752458367457,576460752317184546,576460752503352551,576460752323212257,576460752310739997,576460752505165287,576460752503989991,576460752450575544,576460752425195896,576460752333057903,576460752369819863,576460752371253463,576460752379135138,576460752449424824,576460752329554287,576460752370205655,576460752330946927,576460752346419367,576460752361962061,576460752504960743,576460752385763346,576460752353484238,576460752474186382,576460752322920482,576460752321727201,576460752419905081,576460752371676375,576460752488275958,576460752450606264,576460752474182542,576460752321980385,576460752424221560,576460752469955238,576460752457909985,576460752385801234,576460752463617184,576460752323863074,576460752386095378,576460752332531311,576460752488282358,576460752388228267,576460752323872802,576460752385655058,576460752316792098,576460752365475265,576460752331092335,576460752322732769,576460752428312296,576460752311147293,576460752329375599,576460752308355101,576460752485766658,576460752344602926,576460752458374113,576460752344162222,576460752366211971,576460752502740884,576460752308992541,576460752371491543,576460752421282361,576460752459197153,576460752321066721,576460752348149408,576460752323580450,576460752320564449,576460752322984673,576460752316614690,576460752387412139,576460752323230689,576460752450799544,576460752424672376,576460752325236002,576460752459636449,576460752463573262,576460752310935581,576460752333194607,576460752308796701,576460752399646759,576460752424361336,576460752308560157,576460752320836833,576460752388610475,576460752462621536,576460752361958733,576460752317595938,576460752379150242,576460752386796971,576460752422007097,576460752386808850,576460752331877231,576460752330075247,576460752371473623,576460752504174055,576460752321974241,576460752421716793,576460752459349217,576460752462628448,576460752387234554,576460752459043553,576460752462625120,576460752325626402,576460752336138773,576460752387818155,576460752331813487,576460752361957709,576460752317183010,576460752426601336,576460752316794658,576460752310932253,576460752424667768,576460752323154978,576460752469281513,576460752323831074,576460752475035278,576460752318126370,576460752320862177,576460752420995385,576460752459921377,576460752368675009,576460752343311278,576460752335375381,576460752309225245,576460752420755513,576460752387412651,576460752318312226,576460752503365012,576460752309029374,576460752329983599,576460752450986424,576460752379141538,576460752455000219,576460752324596514,576460752329549679,576460752424812152,576460752399041831,576460752468392858,576460752321750241,576460752452842881,576460752387716858,576460752316241186,576460752323212769,576460752334985493,576460752307177138,576460752474366094,576460752322670305,576460752324576802,576460752321880545,576460752321537249,576460752332915567,576460752331179631,576460752320772065,576460752332716655,576460752317527323,576460752307399602,576460752459038689,576460752474187918",,,22/04/2025,,,,,209,,,,
,,,,,,,,13/05/2025,,,,,,,,,