iff,Catmaid name,% reviewed,Export date,Backbone coordinate,Latest segment IDs,Cell type proposal,Proofreader,Latest update,Ongoing,To split,Completed,Comments,Num. of segs,CATMAID skid,Supervoxel ID,Root ID,Root ID updated
Delta7,Delta7_FS?,0,21/03/2025,,"576460752432195860,576460752478408407,576460752312067501,576460752414464248,576460752451099209,576460752462525953,576460752504294969,576460752443852713,576460752468434586,576460752461044170,576460752338127718,576460752478399191,576460752421352009,576460752421044553,576460752466190625,576460752469041129,576460752452228709,576460752497432843,576460752540043667,576460752388773575,576460752413104359,576460752349743527,576460752417088237,576460752460861712,576460752482728482,576460752428512711,576460752460734540,576460752321865007,576460752358737203,576460752308144593,576460752467633346,576460752453027316,576460752346263081,576460752470817279,576460752421498953,576460752472669048,576460752475286748,576460752496049005,576460752480945778,576460752460614416,576460752549244847,576460752517136307,576460752451740005,576460752494816526,576460752388980481,576460752494617853,576460752452714365,576460752458341540,576460752491935576,576460752479543197,576460752538905840,576460752437422042,576460752413350738,576460752478245078,576460752332575186,576460752522600854,576460752497345035,576460752475418076,576460752434266698,576460752393154333,576460752381778870,576460752475897635",,,30/09/2025,TRUE,FALSE,FALSE,likely no delta7,61,,,,
Delta7,Delta7_L1L9R8_FS,0,21/03/2025,"8929, 31075, 1989","576460752531895344, 576460752484838471",,Griffin,20/08/2025,FALSE,FALSE,TRUE,,1,,89123938646451045,576460752484838471,2025-12-19
Delta7,Delta7_L1L9R8_FS,0,21/03/2025,"8447, 31290, 1891",576460752465321840,,Griffin,28/07/2025,FALSE,FALSE,TRUE,,0,,88015356047723667,576460752465321840,2025-12-19
Delta7,Delta7_L1L9R8_FS,0,21/03/2025,"8157, 31002, 1928","576460752506947446, 576460752496147085",,Griffin,20/08/2025,FALSE,FALSE,TRUE,"Griffin copied the segment ending on 47446, but in neuroglancer when I check double click on any coordinate of that segment it selects the segment ending in 47085 - SE",1,,86872138832689778,576460752496147085,2025-12-19
Delta7,Delta7_L1L9R8_FS,0,21/03/2025,"7929, 31139, 2012",576460752529758329,,Griffin,30/07/2025,FALSE,FALSE,TRUE,,0,,86889731018825366,576460752529758329,2025-12-19
Delta7,Delta7_L1L9R8_FS,0,21/03/2025,"8097, 30190, 2073",576460752441507663,,Griffin,31/07/2025,FALSE,FALSE,TRUE,,0,,86854821524610591,576460752441507663,2025-12-19
Delta7,Delta7_L2R7_FS,0,21/03/2025,"15419, 28771, 1739",576460752475443648,,Griiffin,31/07/2025,FALSE,FALSE,TRUE,,0,126978,103689718935344155,576460752475443648,2025-12-19
Delta7,Delta7_L2R7_FS,0,21/03/2025,"15210, 28678, 1713",576460752470968168,,Stanley/Susanna/Griffin,31/07/2025,FALSE,FALSE,TRUE,,0,128697,103689444057522130,576460752470968168,2025-12-19
Delta7,Delta7_L2R7_FS,0,21/03/2025,"16448, 29795, 1761","576460752433769313, 576460752475296830",,Griffin,20/08/2025,FALSE,FALSE,TRUE,"Griffin copied the segment ending on 9313, but in neuroglancer when I check double click on any coordinate of that segment it selects the segment ending in 96830 - SE",1,128707,105976703121137477,576460752475296830,2025-12-19
Delta7,Delta7_L2R7_FS,0,21/03/2025,"15670, 29244, 1724",576460752480161453,,Griffin,20/08/2025,FALSE,TRUE,TRUE,"2 large chunks of it need to be split from a cube, but all the synaptic parts are complete",0,128800,104833211028219113,576460752480161453,2025-12-19
Delta7,Delta7_L2R7_FS,0,21/03/2025,"15980, 29352, 1758",576460752615871276,,Griffin,01/08/2025,FALSE,FALSE,TRUE,,0,139243,104833211028246413,576460752615871276,2025-12-19
Delta7,Delta7_L3R6_FS,0,21/03/2025,"15138, 29000, 1598","576460752436009734,576460752499781749,576460752470988136,576460752508263423,576460752451015888,576460752503688218,576460752528495598,576460752415172277",,Griffin,01/08/2025,FALSE,TRUE,TRUE,"4 large chunks of it need to be split from a cube, but all the synaptic parts are complete",7,,102563269272775589,576460752436009734,2025-12-19
Delta7,Delta7_L3R6_FS,0,21/03/2025,"14498, 29634, 1668","576460752503693594,576460752443041821,576460752538411309,576460752496129829,576460752503710746,576460752520868174",,Griffin,01/08/2025,FALSE,FALSE,TRUE,"Weird set of ""cannot find root lock"" issues, but these IDs are the whole neuron",5,,101472828615876664,576460752477801890,2025-12-19
Delta7,Delta7_L3R6_FS,0,21/03/2025,"13212, 29438, 1668",576460752518235018,,Griffin,05/08/2025,FALSE,FALSE,TRUE,,0,,99203436616134361,576460752518235018,2025-12-19
Delta7,Delta7_L3R6_FS,0,21/03/2025,"12244, 29124, 1631","576460752475447744, 576460752453214849",,Griffin,06/10/2025,FALSE,FALSE,TRUE,,1,,96951636802424159,576460752453214849,2025-12-19
Delta7,Delta7_L4R5_FS,0,21/03/2025,"18140, 30382, 1559",576460752532118953,,Griffin,11/12/2025,FALSE,TRUE,TRUE,https://neuromancer-seung-import.appspot.com/?json_url=https://global-2025.connectomics.braininbrain.org/nglstate/api/v1/5679743647088640,0,116153,109371445271901900,576460752532118953,2025-12-19
Delta7,Delta7_L4R5_FS,0,21/03/2025,"20676, 27920, 1990",576460752456748819,,Griffin,05/12/2025,FALSE,TRUE,TRUE,a few sections in the middle cut use some cleaning but i did most of it,0,127702,116039983294373602,576460752456748819,2025-12-19
Delta7,Delta7_L4R5_FS,0,21/03/2025,"20215, 28412, 1633",576460752417795639,,Griffin,11/12/2025,FALSE,FALSE,TRUE,could use some cleaning but like it's fine,0,128091,114930850939809970,576460752417795639,2025-12-19
Delta7,Delta7_L4R5_FS,0,21/03/2025,"20062, 28104, 1775",576460752471890335,,Griffin,07/08/2025,FALSE,FALSE,TRUE,,0,128545,113787633724857240,576460752471890335,2025-12-19
Delta7,Delta7_L4R5_FS,0,21/03/2025,"19388, 29380, 1535",576460752407867792,,Griffin,09/08/2025,FALSE,TRUE,TRUE,Large sections of the main body fiber are ommitted - they were too messy to cut and had no branches on them,0,133949,112713960620301849,576460752407867792,2025-12-19
Delta7,Delta7_L4R5_FS,0,21/03/2025,"19289, 27799, 1920",576460752440851021,,Griffin,10/08/2025,FALSE,FALSE,TRUE,Likely L3/R6 type,0,139585,112662283573794618,576460752440851021,2025-12-19
Delta7,Delta7_L4R5_FS,0,21/03/2025,"15180, 30440, 1353","576460752487783670,576460752489384182,576460752530593328,576460752474753369,576460752494718717,576460752456039955,576460752495144229,576460752538447917,576460752538447661,576460752436209237,576460752490140459,576460752425733916,576460752444656443,576460752538448173,576460752436208981,576460752475696591",,Griffin,11/08/2025,TRUE,TRUE,FALSE," CATMAID extension needed? /// Griffin : realllyyy odd structured D7, probably still needs some catmaid. completed everything that is is found.
The part that overlaps with PFNs is done I think? -SE",15,172334,103741395981860548,576460752538448173,2025-12-19
Delta7,Delta7_L5R4_FS,0,21/03/2025,"20187, 28248, 2003","576460752406072366,576460752511011553,576460752521255556",,Griffin,11/08/2025,FALSE,TRUE,TRUE,"Mostly cleaned, one section of main stem needs to be cut",2,,114931675573613973,576460752521255556,2025-12-19
Delta7,Delta7_L5R4_FS,0,21/03/2025,"22229, 27773, 1843",576460752488920265,,Griffin,11/08/2025,FALSE,FALSE,TRUE,,0,,119417408136966588,576460752488748833,2025-12-19
Delta7,Delta7_L5R4_FS,0,21/03/2025,"20960, 27821, 1759","576460752343589536,576460752436064031,576460752323227109,576460752335730140,576460752392172112,576460752423227761,576460752402493996,576460752405290542,576460752356860439,576460752339766473,576460752462847509,576460752423131336,576460752436893857,576460752346900395,576460752380767312,576460752408322596,576460752482219176,576460752487023350,576460752492732095,576460752413869048,576460752498194664,576460752489611899,576460752418548315,576460752361739277,576460752341133414,576460752428421067,576460752357888680,576460752342104946,576460752475818787,576460752316865639,576460752429351381,576460752345034572,576460752352931841,576460752379009329,576460752385911120,576460752331911554,576460752384269935,576460752433749089,576460752492725183,576460752315547198,576460752430150923,576460752304665747,576460752360512535,576460752450408521,576460752527906030,576460752395222778,576460752431322673,576460752343858945,576460752442335167,576460752378014545,576460752404757239,576460752468268954,576460752340081408,576460752422793621,576460752439042313,576460752464511600,576460752373400490,576460752314555400,576460752320255444,576460752409503029,576460752431317809,576460752377865663,576460752314814984,576460752351016750,576460752397223825,576460752524327472,576460752467186004,576460752482955209,576460752377823057,576460752453255571,576460752472691832,576460752328864102,576460752453113551,576460752413120663,576460752532978580,576460752336102374,576460752323958110,576460752343040509,576460752321091284,576460752422794133,576460752442439560,576460752492466367,576460752405319470,576460752428974256,576460752384382636,576460752473123715,576460752342866855,576460752405706231,576460752492151896,576460752408543853,576460752387546162,576460752537482797,576460752323773601,576460752487291894,576460752385721246,576460752418407515,576460752368673215,576460752416700141,576460752362815408,576460752412503109,576460752516946867,576460752351039156,576460752436935084,576460752414000508,576460752305459763,576460752348522137,576460752404190485,576460752419829161,576460752392769786,576460752316651254,576460752475371034,576460752527606254,576460752366385789,576460752484588558,576460752436842657,576460752463810208,576460752368657351,576460752342969015,576460752357581067,576460752329735964,576460752388193450,576460752416930797,576460752469366505,576460752477335511,576460752408213262,576460752366499807,576460752440574467,576460752462914817,576460752366192765,576460752355010298,576460752326009001,576460752369828286,576460752429746426,576460752322676958,576460752440556547,576460752330136934,576460752352151374,576460752360973362,576460752383280495,576460752370506262,576460752343548834,576460752345294326,576460752372553469,576460752409832546,576460752489472246,576460752367905247,576460752428974074,576460752369953643,576460752438049596,576460752353458177,576460752416741431,576460752409271951,576460752321568938,576460752350766516,576460752361453618,576460752485055310,576460752451273268,576460752351384398,576460752450828340,576460752584869302,576460752471179275,576460752431053617,576460752392353289,576460752480368410,576460752328059708,576460752491631459,576460752345127976,576460752329498358,576460752460445069,576460752405778423,576460752332370835,576460752484251050,576460752451627380,576460752453858252,576460752319154955,576460752343940961,576460752356544626,576460752327787411,576460752443056914,576460752440755715,576460752414632060,576460752401157932,576460752431281713,576460752428967856,576460752315641406,576460752361719552,576460752357714100,576460752428974512,576460752451495525,576460752402511760,576460752321944256,576460752352913230,576460752491630691,576460752487364129,576460752439953609,576460752423348463,576460752452425763,576460752358630136,576460752485656602,576460752483893838,576460752437297443,576460752435777315,576460752327786131,576460752354001462,576460752407766210,576460752428975024,576460752452392833,576460752438886578,576460752423568464,576460752367795135,576460752422999023,576460752339392768,576460752493177469,576460752479295917,576460752477022786,576460752566619520,576460752448792698,576460752423555055,576460752440484611,576460752443011101,576460752458438113,576460752325318942,576460752484233161,576460752455736840,576460752487404745,576460752394675962,576460752530765993,576460752466447863,576460752439041033,576460752424831647,576460752501545325,576460752384173533,576460752318213065,576460752504635787,576460752469956027,576460752383039404,576460752407542263,576460752394319696,576460752420901402,576460752367211339,576460752352563271,576460752356635606,576460752379394999,576460752462599071,576460752348854380,576460752420152877,576460752457373720,576460752548839087,576460752353673716,576460752463469121,576460752306818282,576460752468170517,576460752436673571,576460752306354161,576460752418557531,576460752352730018,576460752453034625,576460752566435968,576460752475362385,576460752416955117,576460752477577428,576460752323520929,576460752442639041,576460752401437243,576460752332005779,576460752328901328,576460752309921879,576460752389796824,576460752400305220,576460752414297657,576460752442539641,576460752309830195,576460752429403861,576460752457685217,576460752438951278,576460752391975212,576460752440740099,576460752381246032,576460752492619967,576460752492748223,576460752478994378,576460752459695966,576460752472891322,576460752429066160,576460752520619246,576460752474985498,576460752350861730,576460752322671070,576460752392265646,576460752440575235,576460752518035375,576460752381552884,576460752416706285,576460752504638347,576460752418392191,576460752425016991,576460752432936852,576460752429870330,576460752314557249,576460752438855790,576460752358496936,576460752414408572,576460752351254178,576460752350014766,576460752324153694,576460752438979849,576460752491566127,576460752386348101,576460752376994453,576460752454694408,576460752416332726,576460752314880196,576460752320550891,576460752486660553,576460752483595558,576460752411396319,576460752401581124,576460752461295464,576460752415966338,576460752400583674,576460752477523868,576460752319001684,576460752437794878,576460752469352169,576460752355153499,576460752485910473,576460752566451072,576460752357960215,576460752358024447,576460752452742192,576460752378658743,576460752573691962,576460752476959849,576460752429499107,576460752421048346,576460752314681150,576460752421979589,576460752487024022,576460752463908161,576460752451599941,576460752438887602,576460752398184074,576460752360090336,576460752431110676,576460752429357013,576460752354664669,576460752330932838,576460752405270007,576460752311602758,576460752451153716,576460752325991015,576460752483504118,576460752400979658,576460752475857871,576460752489352071,576460752463962389,576460752419357210,576460752355163739,576460752335768156,576460752357859678,576460752484252074,576460752439126025,576460752305068332,576460752316043582,576460752437102627,576460752461895189,576460752423135432,576460752450230736,576460752398359798,576460752414442876,576460752572979514,576460752322639552,576460752420008575,576460752439015278,576460752310550086,576460752380823345,576460752458470564,576460752407584868,576460752359687160,576460752340175533,576460752337298635,576460752439015090,576460752428042951,576460752381449327,576460752484964204,576460752387256114,576460752376961652,576460752320555039,576460752367022527,576460752474835537,576460752350660981,576460752382446447,576460752438766529,576460752458396068,576460752303835027,576460752395147472,576460752405635886,576460752542388883,576460752423505647,576460752426336376,576460752388211882,576460752537199917,576460752382881983,576460752309837107,576460752428956080,576460752420373119,576460752537201197,576460752413682556,576460752378641591,576460752479293642,576460752451497317,576460752407665004,576460752405276663,576460752508450128,576460752409371023,576460752464743557,576460752341406978,576460752403481993,576460752408019454,576460752424221298,576460752438035772,576460752482710424,576460752465824789,576460752462253589,576460752427932359,576460752391219198,576460752355231482,576460752360383656,576460752360902413,576460752342917117,576460752532242130,576460752415890358,576460752385942834,576460752310700773,576460752360722537,576460752316445937,576460752416591927,576460752429871866,576460752321120283,576460752325892777,576460752380678193,576460752463763221,576460752494516107,576460752343836396,576460752436619692,576460752370253675,576460752399889398,576460752527566062,576460752439601551,576460752310856421,576460752356498802,576460752486625686,576460752341824292,576460752331003339,576460752462191208,576460752348595382,576460752511585543,576460752441268159,576460752386584769,576460752323459846,576460752476199203,576460752438995054,576460752344121953,576460752308997463,576460752384885260,576460752353206889,576460752484340394,576460752361807792,576460752444003552,576460752504522635,576460752416155318,576460752438072892,576460752332195731,576460752466448375,576460752312873313,576460752344888929,576460752511761769,576460752347036431,576460752386252922,576460752505039755,576460752309775974,576460752419237503,576460752584516022,576460752463208981,576460752309414451,576460752499737267,576460752452926849,576460752492469439,576460752392763570,576460752427957703,576460752390593790,576460752381793093,576460752451293095,576460752336510081,576460752367661643,576460752460427149,576460752310483526,576460752477511892,576460752459411597,576460752438065468,576460752478892234,576460752516797326,576460752380201040,576460752463390443,576460752478936522,576460752482533784,576460752416928237,576460752475823139,576460752466448119,576460752400649028,576460752393573554,576460752357832215,576460752323184193,576460752431669623,576460752380928244,576460752523474582,576460752317867237,576460752382740518,576460752361159986,576460752369502827,576460752393306960,576460752380172594,576460752393869899,576460752508534247,576460752416774838,576460752325393397,576460752319792212,576460752373235737,576460752419614359,576460752325020446,576460752437911843,576460752352363342,576460752478910410,576460752447813168,576460752509040788,576460752508928487,576460752375971775,576460752342054692,576460752452305605,576460752475002680,576460752452888193,576460752451126068,576460752438959214,576460752332261391,576460752358493352,576460752498082995,576460752446049544,576460752495679269,576460752439039241,576460752438674467,576460752527832558,576460752420748927,576460752336983526,576460752410905460,576460752458764959,576460752566736512,576460752443361760,576460752423374575,576460752504217227,576460752380221342,576460752329409074,576460752458198925,576460752344240826,576460752474319866,576460752483487270,576460752360930061,576460752487385855,576460752451066420,576460752370216126,576460752441425855,576460752409990367,576460752484420716,576460752316467446,576460752436111265,576460752397037164",,Sarah/Griffin,07/10/2025,TRUE,FALSE,FALSE,"GSB: Mesh errors so I can't be sure, but i added a bunch more on",574,,116039433538533978,576460752466448375,2025-12-19
Delta7,Delta7_L5R4_FS,0,21/03/2025,"16352, 28021, 1350","576460752440909315,576460752479347402,576460752459956708",,Griffin,13/08/2025,FALSE,FALSE,TRUE,"annoying int error again;  SH: in the sideview you can extend the medial part a little more (just a few more dendrites) // GSB: good call, I added those parts",2,,105905234865311366,576460752424012985,2025-12-19
Delta7,Delta7_L6R3_FS,0,21/03/2025,"17379, 27461, 1752",576460752452572044,,Griffin,13/08/2025,FALSE,FALSE,TRUE,not the prettiest but complete as far as ic an tell,0,,108140542004594081,576460752481920510,2025-12-19
Delta7,Delta7_L6R3_FS,0,21/03/2025,"22621, 28853, 1633",576460752484849223,,Griffin,14/08/2025,FALSE,FALSE,TRUE,,0,,119452042753219325,576460752477555156,2025-12-19
Delta7,Delta7_L6R3_FS,0,21/03/2025,"22917, 28021, 1797",576460752474592506,,Griffin,14/08/2025,FALSE,FALSE,TRUE,one section of the main fiber is gross,0,,120543033165945294,576460752489472502,2025-12-19
Delta7,Delta7_L6R3_FS,0,21/03/2025,"23087, 28179, 1861",576460752422610150,,Griffin,15/08/2025,FALSE,FALSE,TRUE,should be complete,0,,120560900229880680,576460752422610150,2025-12-19
Delta7,Delta7_L6R3_FS,0,21/03/2025,"22748, 28664, 1630","576460752518115589,576460752442781879",,Griffin,06/10/2025,FALSE,FALSE,TRUE,should be complete,1,,120577942660058941,576460752442781879,2025-12-19
Delta7,Delta7_L6R3_FS_MS,0,21/03/2025,"23196, 28480, 2031",576460752481596530,,Griffin,17/08/2025,FALSE,FALSE,TRUE,,0,,121687349892491260,576460752481596530,2025-12-19
Delta7,Delta7_L7R2_FS,0,21/03/2025,"5562, 29634, 2339","576460752483374504,576460752440259431",,Griffin,18/08/2025,FALSE,FALSE,TRUE,int error,1,,81208554438026326,576460752483374504,2025-12-19
Delta7,Delta7_L7R2_FS,0,21/03/2025,"22972, 29438, 2036",576460752415219637,,Griffin,24/09/2025,FALSE,FALSE,TRUE,,0,,120596634357738623,576460752415219637,2025-12-19
Delta7,Delta7_L7R2_FS,0,21/03/2025,"16249, 27855, 1878","576460752401256690,576460752532845189",,Griffin,06/10/2025,FALSE,FALSE,TRUE,,1,,105906609254867018,576460752401256690,2025-12-19
Delta7,Delta7_L7R2_FS,0,21/03/2025,"17290, 27540, 1854","576460752481855708, 576460752483139618",,Stanley&Griffin,06/10/2025,FALSE,FALSE,TRUE,,1,,108140816882489287,576460752483139618,2025-12-19
Delta7,Delta7_L8R1R9_FS,0,21/03/2025,"16485, 27969, 1818",576460752436243743,,Griffin,25/09/2025,FALSE,FALSE,TRUE,,0,,105906609254829688,576460752436243743,2025-12-19
Delta7,Delta7_L8R1R9_FS,0,21/03/2025,"19285, 29093, 2009","576460752403521177,576460752422313702,576460752478702028",,Griffin,26/09/2025,FALSE,FALSE,TRUE,Merge int error again...,2,,112697467945962625,576460752478702028,2025-12-19
Delta7,Delta7_L8R1R9_FS,0,21/03/2025,"19134, 29361, 1998",576460752452939998,,Griffin,26/09/2025,FALSE,FALSE,TRUE,,0,,111589160225155364,576460752465382512,2025-12-19
Delta7,Delta7_L8R1R9_FS,0,21/03/2025,"19003, 28782, 1994",576460752490640434,,Griffin,26/09/2025,FALSE,FALSE,TRUE,belongs to L7R2 type,0,,111571568039110035,576460752490640434,2025-12-19
Delta7,Delta7_L8R1R9_FS,0,21/03/2025,,"576460752496849931,576460752342112590,576460752469560230,576460752341962890,576460752305692966,576460752464984567,576460752387922066,576460752491916131,576460752375470316,576460752490603307,576460752315114800,576460752462515969,576460752417347261,576460752471185913,576460752467074697,576460752320670576,576460752419080599,576460752436034389,576460752383516518,576460752531702064,576460752343612076,576460752342960044,576460752378659370,576460752469378281,576460752353254833,576460752306694222,576460752409468910,576460752515336362,576460752486649304,576460752362840541,576460752306361375,576460752480750078,576460752481511422,576460752450473842,576460752341189172,576460752360735077,576460752478551453,576460752422371814,576460752471117305,576460752490164274,576460752468073922,576460752328020784,576460752317430847,576460752441842190,576460752492204991,576460752478127129,576460752459550046,576460752414378876,576460752373475650,576460752439996223,576460752467132297,576460752488358902,576460752347720564,576460752470852307,576460752312969518,576460752362814613,576460752452198017,576460752350088913,576460752440033127,576460752496856075,576460752321593690,576460752474414417,576460752345331006,576460752486764248,576460752422323686,576460752310663613,576460752322601023,576460752323507728,576460752340949706,576460752371014181,576460752350543972,576460752376146014,576460752351662895,576460752346991678,576460752390899558,576460752428203979,576460752490162482,576460752349961681,576460752439997503,576460752381877862,576460752451525492,576460752350766144,576460752341660212,576460752459284188,576460752307682894,576460752450546740,576460752365879827,576460752452178140,576460752497777629,576460752341784970,576460752315867390,576460752307998751,576460752425411648,576460752351761508,576460752404297433,576460752458097372,576460752515334570,576460752308079223,576460752312264765,576460752510132156,576460752317809020,576460752434673726,576460752504661305,576460752486375679,576460752331546804,576460752393858498,576460752410458442,576460752573477434,576460752312271472,576460752471096019,576460752615574316,576460752344730128,576460752497805533,576460752424273514,576460752410900906,576460752312939581,576460752316322633,576460752341185844,576460752397583589,576460752358620245,576460752506269914,576460752309308703,576460752345678547,576460752346301502,576460752441313871,576460752345372379,576460752317203580,576460752337601235,576460752485679093,576460752448273824,576460752478658775,576460752403408398,576460752397776869,576460752401006066,576460752515462314,576460752501550524,576460752493930237,576460752475280958,576460752377613098,576460752311791421,576460752326685364,576460752345804862,576460752447997344,576460752323339107,576460752429588354,576460752496897547,576460752408215553,576460752369441061,576460752409668846,576460752497753925,576460752454432440,576460752483509030,576460752463562912,576460752489244811,576460752490565163,576460752390988494,576460752473362513,576460752423840205,576460752331397756,576460752468932585,576460752494761556,576460752442268813,576460752479810733,576460752356259940,576460752430306221,576460752418836239,576460752348072196,576460752423025301,576460752424067021,576460752436030293,576460752325063011,576460752493936125,576460752314698814,576460752438752777,576460752442220970,576460752340788276,576460752480281389,576460752474272375,576460752439972159,576460752474141815,576460752368773925,576460752306863950,576460752468763166,576460752371902843,576460752364124893,576460752322640245,576460752357809879,576460752320460400,576460752332994330,576460752324582821,576460752306907167,576460752363114389,576460752378292778,576460752409056750,576460752393527091,576460752473535697,576460752360328805,576460752358944853,576460752470861882,576460752376448352,576460752425427776,576460752468407234,576460752465128878,576460752450551860,576460752406227528,576460752440249022,576460752438972775,576460752428439239,576460752447530842,576460752481509118,576460752435959431,576460752397939941,576460752319127871,576460752357948631,576460752346412862,576460752414205575,576460752505018507,576460752421546648,576460752345325886,576460752419240839,576460752314937581,576460752486376191,576460752373585474,576460752405106951,576460752332471429,576460752389709009,576460752479528877,576460752436074006,576460752491595199,576460752462515713,576460752486656472,576460752431703572,576460752337157075,576460752567303296,576460752480026407,576460752469743803,576460752359318613,576460752490122891,576460752353524657,576460752471855771,576460752440833539,576460752346506244,576460752443058590,576460752507916799,576460752391923699,576460752440590157,576460752379723306,576460752347315572,576460752427680615,576460752458554148,576460752401388161,576460752419322671,576460752493847549,576460752417104877,576460752351774161,576460752364844189,576460752322853237",,Susanna,25/09/2025,TRUE,FALSE,FALSE,,256,,,,
Delta7,Delta7_L8R1R9_FS,0,21/03/2025,,"576460752439415143,576460752327830842,576460752391352801,576460752383400505,576460752473974217,576460752389197582,576460752334227884,576460752420699538,576460752507415700,576460752495944074,576460752483414054,576460752410312204,576460752496788747,576460752365890156,576460752499186326,576460752414579681,576460752307690993,576460752424702852,576460752396138047,576460752355166332,576460752468668386,576460752452420985,576460752429052173,576460752414648188,576460752352605700,576460752451070260,576460752492266298,576460752483771942,576460752411448207,576460752440264456,576460752345081365,576460752409622380,576460752314071550,576460752349492166,576460752471595679,576460752324849466,576460752459439966,576460752501262640,576460752439336295,576460752416676199,576460752483482632,576460752349503942,576460752460395647,576460752334796204,576460752351879130,576460752342161712,576460752401339397,576460752365504276,576460752491539647,576460752384892985,576460752305993245,576460752449398991,576460752367173396,576460752350918795,576460752478554572,576460752361846104,576460752324666938,576460752448275700,576460752481118834,576460752353779872,576460752342387252,576460752499846119,576460752376206829,576460752325050426,576460752495946122,576460752456228883,576460752455663936,576460752425407787,576460752429489462,576460752345089301,576460752475985415,576460752310128625,576460752419684603,576460752412399583,576460752350310283,576460752408173913,576460752372878685,576460752460157574,576460752335078725,576460752333187192,576460752424741720,576460752525284708,576460752463821889,576460752427641026,576460752335929516,576460752325244218,576460752442226059,576460752405059578,576460752346427413,576460752443651483,576460752484134575,576460752426392080,576460752355177596,576460752418859355,576460752408166447,576460752477619522,576460752423364563,576460752597981996,576460752362020184,576460752440127752,576460752485480674,576460752384062521,576460752400352517,576460752345050892,576460752364936881,576460752416813367,576460752483698726,576460752423705785,576460752344502549,576460752492976863,576460752377601971,576460752382492501,576460752458592804,576460752419684091,576460752352647266,576460752387178910,576460752423716696,576460752526737539,576460752409707360,576460752310960698,576460752367409010,576460752362378072,576460752335375941,576460752314870102,576460752345839381,576460752423241785,576460752493912150,576460752340492239,576460752399839787,576460752390302734,576460752438308809,576460752438605769,576460752383231801,576460752405863455,576460752481069426,576460752464214968,576460752452734585,576460752326912300,576460752423160689,576460752460383615,576460752338714993,576460752439699263,576460752354950560,576460752417994969,576460752491687103,576460752485726978,576460752372592131,576460752488176895,576460752469348585,576460752456749331,576460752502370190,576460752488356598,576460752442258075,576460752445705763,576460752340377434,576460752429495682,576460752375823849,576460752313326334,576460752318518757,576460752441940422,576460752316082088,576460752352801487,576460752478127260,576460752325457466,576460752411570319,576460752408629983,576460752425676888,576460752342437571,576460752337147859,576460752447362347,576460752413495265,576460752438620873,576460752335766319,576460752338817944,576460752353051343,576460752567166592,576460752479022990,576460752327078700,576460752474621975,576460752411437382,576460752363731371,576460752443002494,576460752334438060,576460752312983140,576460752418983003,576460752369930682,576460752463352865,576460752314067966,576460752422696424,576460752385063588,576460752326640837,576460752344903701,576460752345857045,576460752460053638,576460752419683579,576460752325251642,576460752304416144,576460752407782508,576460752419396824,576460752416649319,576460752429453837,576460752430804800,576460752400351309,576460752460453510,576460752409701984,576460752419426450,576460752394110239,576460752345438093,576460752345275413,576460752359428216,576460752454503038,576460752333075025,576460752474588222,576460752327529413,576460752429297677,576460752429077261,576460752527973763,576460752334606971,576460752416820583,576460752325645114,576460752470533005,576460752425860440,576460752573008698,576460752318162070,576460752344701205,576460752429550861,576460752412761777,576460752440553627,576460752481852380,576460752344509461,576460752405585199,576460752424083844,576460752312392002,576460752417649463,576460752410875337,576460752498779357,576460752479642541,576460752342283824,576460752492958175,576460752473376568,576460752326282298,576460752312299860,576460752303869665,576460752471528185,576460752335384901,576460752339377875,576460752322782044,576460752447332954,576460752477568924,576460752504235915,576460752344891669,576460752351234683,576460752423751407,576460752305080340,576460752346729323,576460752463591713,576460752381867506,576460752459268958,576460752456231699,576460752405672954,576460752376479213,576460752307274993,576460752453907321,576460752437744073,576460752408518111,576460752404896250,576460752486253799,576460752334435244,576460752337752472,576460752315883176,576460752419090171,576460752391100366,576460752384364117,576460752408051913,576460752385702457,576460752369724042,576460752439773287,576460752531514672,576460752460959665,576460752345096725,576460752450314447,576460752352542843,576460752383390398,576460752384272953,576460752338548691,576460752361686616,576460752355424160,576460752314182824,576460752305235778,576460752310639361,576460752439120050,576460752370187914,576460752416039426,576460752324484922,576460752369632983,576460752436949996,576460752542573971,576460752429794368,576460752384078905,576460752387815750,576460752406693740,576460752456240403,576460752493868374,576460752319234460,576460752495469962,576460752336856294,576460752451176756,576460752370298042,576460752446121371,576460752376553453,576460752313338622,576460752413712015,576460752317585814,576460752384056510,576460752491699903,576460752477557493,576460752304604948,576460752369188585,576460752311141178,576460752405588271,576460752525278308,576460752478112281,576460752451547265,576460752438600649,576460752542573715,576460752477451420,576460752343285808,576460752409702496,576460752304337949,576460752359353025,576460752394075167,576460752404553305,576460752385061205,576460752488320246,576460752429484598,576460752486697432,576460752340050387,576460752472033050,576460752530697808,576460752447955064,576460752430643264,576460752306846608,576460752351635919,576460752343222488,576460752365511857,576460752497910504,576460752383695673,576460752363764330,576460752483413542,576460752410952032,576460752474261566,576460752439314030,576460752311141690,576460752493698023,576460752352429263,576460752362691672,576460752404361305,576460752352580100,576460752438252689,576460752386223208,576460752375489261,576460752325786977,576460752542575507,576460752350582907,576460752362523736,576460752497911272,576460752386210468,576460752453347449,576460752474506046,576460752324154077,576460752425306712,576460752334536342,576460752491537599,576460752406755119,576460752527175838,576460752415943426,576460752346865173,576460752340806196,576460752339423345,576460752322381808,576460752407470895,576460752423530425,576460752453278557,576460752360527398,576460752413727713,576460752491532991,576460752402758333,576460752358864815,576460752368895800,576460752439422055,576460752411425350,576460752452736338",,Susanna,26/09/2025,TRUE,FALSE,FALSE,https://neuromancer-seung-import.appspot.com/?json_url=https://global-2025.connectomics.braininbrain.org/nglstate/api/v1/5659085189939200,391,,,,
,,,,,,,,07/10/2025,,,,,,,,,